vector,geo,dguid,gender,age_group,indicators,coordinate,value
v1792534225,Canada (excluding territories),"",Both genders,"Total, 18 years and over",Has at least one chronic condition,1.1.1.1.4,51.5
v1792534232,Canada (excluding territories),"",Both genders,"Total, 18 years and over",Perceived health - Very good or excellent,1.1.1.2.4,53.0
v1792534239,Canada (excluding territories),"",Both genders,"Total, 18 years and over",Perceived health - Fair or poor,1.1.1.3.4,13.8
v1792534246,Canada (excluding territories),"",Both genders,"Total, 18 years and over",Perceived mental health - Very good or excellent,1.1.1.4.4,54.0
v1792534253,Canada (excluding territories),"",Both genders,"Total, 18 years and over",Perceived mental health - Fair or poor,1.1.1.5.4,15.3
v1792534260,Canada (excluding territories),"",Both genders,"Total, 18 years and over",Has a regular health care provider,1.1.1.6.4,81.0
v1792534267,Canada (excluding territories),"",Both genders,"Total, 18 years and over",Consulted a health care provider for a non-urgent primary health care need in the past 12 months,1.1.1.7.4,75.0
v1792534274,Canada (excluding territories),"",Both genders,"Total, 18 years and over",Quality of consultation in the past 12 months - Very good or excellent,1.1.1.8.4,70.7
v1792534281,Canada (excluding territories),"",Both genders,"Total, 18 years and over",Quality of consultation in the past 12 months - Fair or poor,1.1.1.9.4,10.3
v1792534288,Canada (excluding territories),"",Both genders,"Total, 18 years and over",Experienced difficulties getting non-urgent primary health care in the past 12 months,1.1.1.10.4,38.6
v1792534295,Canada (excluding territories),"",Both genders,"Total, 18 years and over",Consulted a medical specialist for an initial consultation in the past 12 months,1.1.1.11.4,33.9
v1792534302,Canada (excluding territories),"",Both genders,"Total, 18 years and over",Experienced difficulties getting specialist care in the past 12 months,1.1.1.12.4,29.7
v1792534309,Canada (excluding territories),"",Both genders,"Total, 18 years and over",Level of coordination between health care providers in the past 12 months - Very good or excellent,1.1.1.13.4,54.1
v1792534316,Canada (excluding territories),"",Both genders,"Total, 18 years and over",Level of coordination between health care providers in the past 12 months - Fair or poor,1.1.1.14.4,21.2
v1792534323,Canada (excluding territories),"",Both genders,"Total, 18 years and over",Experienced discrimination in a health care setting in the past 12 months,1.1.1.15.4,7.7
v1792534330,Canada (excluding territories),"",Both genders,"Total, 18 years and over",Had unmet health care needs in the past 12 months,1.1.1.16.4,22.4
v1792534337,Canada (excluding territories),"",Both genders,"Total, 18 years and over","Delayed or did not fill a prescription, or reduced or skipped doses of medication because of the cost in the past 12 months",1.1.1.17.4,13.3
v1792534344,Canada (excluding territories),"",Both genders,"Total, 18 years and over",Has insurance that covers all or part of the cost of prescription medications,1.1.1.18.4,77.5
v1792534351,Canada (excluding territories),"",Both genders,18 to 44 years,Has at least one chronic condition,1.1.2.1.4,35.7
v1792534358,Canada (excluding territories),"",Both genders,18 to 44 years,Perceived health - Very good or excellent,1.1.2.2.4,60.8
v1792534365,Canada (excluding territories),"",Both genders,18 to 44 years,Perceived health - Fair or poor,1.1.2.3.4,9.2
v1792534372,Canada (excluding territories),"",Both genders,18 to 44 years,Perceived mental health - Very good or excellent,1.1.2.4.4,48.4
v1792534379,Canada (excluding territories),"",Both genders,18 to 44 years,Perceived mental health - Fair or poor,1.1.2.5.4,20.5
v1792534386,Canada (excluding territories),"",Both genders,18 to 44 years,Has a regular health care provider,1.1.2.6.4,74.8
v1792534393,Canada (excluding territories),"",Both genders,18 to 44 years,Consulted a health care provider for a non-urgent primary health care need in the past 12 months,1.1.2.7.4,69.7
v1792534400,Canada (excluding territories),"",Both genders,18 to 44 years,Quality of consultation in the past 12 months - Very good or excellent,1.1.2.8.4,65.1
v1792534407,Canada (excluding territories),"",Both genders,18 to 44 years,Quality of consultation in the past 12 months - Fair or poor,1.1.2.9.4,14.1
v1792534414,Canada (excluding territories),"",Both genders,18 to 44 years,Experienced difficulties getting non-urgent primary health care in the past 12 months,1.1.2.10.4,44.6
v1792534421,Canada (excluding territories),"",Both genders,18 to 44 years,Consulted a medical specialist for an initial consultation in the past 12 months,1.1.2.11.4,28.5
v1792534428,Canada (excluding territories),"",Both genders,18 to 44 years,Experienced difficulties getting specialist care in the past 12 months,1.1.2.12.4,31.8
v1792534435,Canada (excluding territories),"",Both genders,18 to 44 years,Level of coordination between health care providers in the past 12 months - Very good or excellent,1.1.2.13.4,44.4
v1792534442,Canada (excluding territories),"",Both genders,18 to 44 years,Level of coordination between health care providers in the past 12 months - Fair or poor,1.1.2.14.4,30.9
v1792534449,Canada (excluding territories),"",Both genders,18 to 44 years,Experienced discrimination in a health care setting in the past 12 months,1.1.2.15.4,10.7
v1792534456,Canada (excluding territories),"",Both genders,18 to 44 years,Had unmet health care needs in the past 12 months,1.1.2.16.4,27.6
v1792534463,Canada (excluding territories),"",Both genders,18 to 44 years,"Delayed or did not fill a prescription, or reduced or skipped doses of medication because of the cost in the past 12 months",1.1.2.17.4,18.4
v1792534470,Canada (excluding territories),"",Both genders,18 to 44 years,Has insurance that covers all or part of the cost of prescription medications,1.1.2.18.4,80.2
v1792534477,Canada (excluding territories),"",Both genders,45 to 64 years,Has at least one chronic condition,1.1.3.1.4,54.7
v1792534484,Canada (excluding territories),"",Both genders,45 to 64 years,Perceived health - Very good or excellent,1.1.3.2.4,51.5
v1792534491,Canada (excluding territories),"",Both genders,45 to 64 years,Perceived health - Fair or poor,1.1.3.3.4,14.4
v1792534498,Canada (excluding territories),"",Both genders,45 to 64 years,Perceived mental health - Very good or excellent,1.1.3.4.4,56.8
v1792534505,Canada (excluding territories),"",Both genders,45 to 64 years,Perceived mental health - Fair or poor,1.1.3.5.4,12.0
v1792534512,Canada (excluding territories),"",Both genders,45 to 64 years,Has a regular health care provider,1.1.3.6.4,84.3
v1792534519,Canada (excluding territories),"",Both genders,45 to 64 years,Consulted a health care provider for a non-urgent primary health care need in the past 12 months,1.1.3.7.4,77.8
v1792534526,Canada (excluding territories),"",Both genders,45 to 64 years,Quality of consultation in the past 12 months - Very good or excellent,1.1.3.8.4,72.1
v1792534533,Canada (excluding territories),"",Both genders,45 to 64 years,Quality of consultation in the past 12 months - Fair or poor,1.1.3.9.4,8.6
v1792534540,Canada (excluding territories),"",Both genders,45 to 64 years,Experienced difficulties getting non-urgent primary health care in the past 12 months,1.1.3.10.4,37.4
v1792534547,Canada (excluding territories),"",Both genders,45 to 64 years,Consulted a medical specialist for an initial consultation in the past 12 months,1.1.3.11.4,35.1
v1792534554,Canada (excluding territories),"",Both genders,45 to 64 years,Experienced difficulties getting specialist care in the past 12 months,1.1.3.12.4,30.2
v1792534561,Canada (excluding territories),"",Both genders,45 to 64 years,Level of coordination between health care providers in the past 12 months - Very good or excellent,1.1.3.13.4,55.5
v1792534568,Canada (excluding territories),"",Both genders,45 to 64 years,Level of coordination between health care providers in the past 12 months - Fair or poor,1.1.3.14.4,19.6
v1792534575,Canada (excluding territories),"",Both genders,45 to 64 years,Experienced discrimination in a health care setting in the past 12 months,1.1.3.15.4,6.4
v1792534582,Canada (excluding territories),"",Both genders,45 to 64 years,Had unmet health care needs in the past 12 months,1.1.3.16.4,20.7
v1792540427,New Brunswick,2021A000213,Both genders,18 to 44 years,Perceived mental health - Fair or poor,5.1.2.5.4,21.3
v1792534589,Canada (excluding territories),"",Both genders,45 to 64 years,"Delayed or did not fill a prescription, or reduced or skipped doses of medication because of the cost in the past 12 months",1.1.3.17.4,12.6
v1792534596,Canada (excluding territories),"",Both genders,45 to 64 years,Has insurance that covers all or part of the cost of prescription medications,1.1.3.18.4,79.8
v1792534603,Canada (excluding territories),"",Both genders,65 years and over,Has at least one chronic condition,1.1.4.1.4,78.7
v1792534610,Canada (excluding territories),"",Both genders,65 years and over,Perceived health - Very good or excellent,1.1.4.2.4,39.3
v1792534617,Canada (excluding territories),"",Both genders,65 years and over,Perceived health - Fair or poor,1.1.4.3.4,22.1
v1792534624,Canada (excluding territories),"",Both genders,65 years and over,Perceived mental health - Very good or excellent,1.1.4.4.4,61.7
v1792534631,Canada (excluding territories),"",Both genders,65 years and over,Perceived mental health - Fair or poor,1.1.4.5.4,9.0
v1792534638,Canada (excluding territories),"",Both genders,65 years and over,Has a regular health care provider,1.1.4.6.4,89.2
v1792534645,Canada (excluding territories),"",Both genders,65 years and over,Consulted a health care provider for a non-urgent primary health care need in the past 12 months,1.1.4.7.4,81.9
v1792534652,Canada (excluding territories),"",Both genders,65 years and over,Quality of consultation in the past 12 months - Very good or excellent,1.1.4.8.4,78.7
v1792534659,Canada (excluding territories),"",Both genders,65 years and over,Quality of consultation in the past 12 months - Fair or poor,1.1.4.9.4,6.0
v1792534666,Canada (excluding territories),"",Both genders,65 years and over,Experienced difficulties getting non-urgent primary health care in the past 12 months,1.1.4.10.4,28.1
v1792534673,Canada (excluding territories),"",Both genders,65 years and over,Consulted a medical specialist for an initial consultation in the past 12 months,1.1.4.11.4,43.0
v1792534680,Canada (excluding territories),"",Both genders,65 years and over,Experienced difficulties getting specialist care in the past 12 months,1.1.4.12.4,24.6
v1792534687,Canada (excluding territories),"",Both genders,65 years and over,Level of coordination between health care providers in the past 12 months - Very good or excellent,1.1.4.13.4,64.3
v1792534694,Canada (excluding territories),"",Both genders,65 years and over,Level of coordination between health care providers in the past 12 months - Fair or poor,1.1.4.14.4,11.0
v1792534701,Canada (excluding territories),"",Both genders,65 years and over,Experienced discrimination in a health care setting in the past 12 months,1.1.4.15.4,4.3
v1792534708,Canada (excluding territories),"",Both genders,65 years and over,Had unmet health care needs in the past 12 months,1.1.4.16.4,14.2
v1792534715,Canada (excluding territories),"",Both genders,65 years and over,"Delayed or did not fill a prescription, or reduced or skipped doses of medication because of the cost in the past 12 months",1.1.4.17.4,7.0
v1792534722,Canada (excluding territories),"",Both genders,65 years and over,Has insurance that covers all or part of the cost of prescription medications,1.1.4.18.4,69.4
v1792534729,Canada (excluding territories),"",Men+,"Total, 18 years and over",Has at least one chronic condition,1.2.1.1.4,48.4
v1792534736,Canada (excluding territories),"",Men+,"Total, 18 years and over",Perceived health - Very good or excellent,1.2.1.2.4,55.0
v1792534743,Canada (excluding territories),"",Men+,"Total, 18 years and over",Perceived health - Fair or poor,1.2.1.3.4,13.0
v1792534750,Canada (excluding territories),"",Men+,"Total, 18 years and over",Perceived mental health - Very good or excellent,1.2.1.4.4,57.5
v1792534757,Canada (excluding territories),"",Men+,"Total, 18 years and over",Perceived mental health - Fair or poor,1.2.1.5.4,14.3
v1792534764,Canada (excluding territories),"",Men+,"Total, 18 years and over",Has a regular health care provider,1.2.1.6.4,77.4
v1792534771,Canada (excluding territories),"",Men+,"Total, 18 years and over",Consulted a health care provider for a non-urgent primary health care need in the past 12 months,1.2.1.7.4,69.1
v1792534778,Canada (excluding territories),"",Men+,"Total, 18 years and over",Quality of consultation in the past 12 months - Very good or excellent,1.2.1.8.4,71.1
v1792534785,Canada (excluding territories),"",Men+,"Total, 18 years and over",Quality of consultation in the past 12 months - Fair or poor,1.2.1.9.4,9.8
v1792534792,Canada (excluding territories),"",Men+,"Total, 18 years and over",Experienced difficulties getting non-urgent primary health care in the past 12 months,1.2.1.10.4,34.4
v1792534799,Canada (excluding territories),"",Men+,"Total, 18 years and over",Consulted a medical specialist for an initial consultation in the past 12 months,1.2.1.11.4,31.3
v1792540420,New Brunswick,2021A000213,Both genders,18 to 44 years,Perceived mental health - Very good or excellent,5.1.2.4.4,46.3
v1792534806,Canada (excluding territories),"",Men+,"Total, 18 years and over",Experienced difficulties getting specialist care in the past 12 months,1.2.1.12.4,26.8
v1792534813,Canada (excluding territories),"",Men+,"Total, 18 years and over",Level of coordination between health care providers in the past 12 months - Very good or excellent,1.2.1.13.4,56.4
v1792534820,Canada (excluding territories),"",Men+,"Total, 18 years and over",Level of coordination between health care providers in the past 12 months - Fair or poor,1.2.1.14.4,19.3
v1792534827,Canada (excluding territories),"",Men+,"Total, 18 years and over",Experienced discrimination in a health care setting in the past 12 months,1.2.1.15.4,5.6
v1792534834,Canada (excluding territories),"",Men+,"Total, 18 years and over",Had unmet health care needs in the past 12 months,1.2.1.16.4,19.9
v1792534841,Canada (excluding territories),"",Men+,"Total, 18 years and over","Delayed or did not fill a prescription, or reduced or skipped doses of medication because of the cost in the past 12 months",1.2.1.17.4,12.3
v1792534848,Canada (excluding territories),"",Men+,"Total, 18 years and over",Has insurance that covers all or part of the cost of prescription medications,1.2.1.18.4,76.6
v1792534855,Canada (excluding territories),"",Men+,18 to 44 years,Has at least one chronic condition,1.2.2.1.4,32.1
v1792534862,Canada (excluding territories),"",Men+,18 to 44 years,Perceived health - Very good or excellent,1.2.2.2.4,63.8
v1792534869,Canada (excluding territories),"",Men+,18 to 44 years,Perceived health - Fair or poor,1.2.2.3.4,8.1
v1792534876,Canada (excluding territories),"",Men+,18 to 44 years,Perceived mental health - Very good or excellent,1.2.2.4.4,53.9
v1792534883,Canada (excluding territories),"",Men+,18 to 44 years,Perceived mental health - Fair or poor,1.2.2.5.4,18.9
v1792534890,Canada (excluding territories),"",Men+,18 to 44 years,Has a regular health care provider,1.2.2.6.4,69.5
v1792534897,Canada (excluding territories),"",Men+,18 to 44 years,Consulted a health care provider for a non-urgent primary health care need in the past 12 months,1.2.2.7.4,61.2
v1792534904,Canada (excluding territories),"",Men+,18 to 44 years,Quality of consultation in the past 12 months - Very good or excellent,1.2.2.8.4,64.3
v1792534911,Canada (excluding territories),"",Men+,18 to 44 years,Quality of consultation in the past 12 months - Fair or poor,1.2.2.9.4,14.1
v1792534918,Canada (excluding territories),"",Men+,18 to 44 years,Experienced difficulties getting non-urgent primary health care in the past 12 months,1.2.2.10.4,38.3
v1792534925,Canada (excluding territories),"",Men+,18 to 44 years,Consulted a medical specialist for an initial consultation in the past 12 months,1.2.2.11.4,24.1
v1792534932,Canada (excluding territories),"",Men+,18 to 44 years,Experienced difficulties getting specialist care in the past 12 months,1.2.2.12.4,27.6
v1792534939,Canada (excluding territories),"",Men+,18 to 44 years,Level of coordination between health care providers in the past 12 months - Very good or excellent,1.2.2.13.4,44.4
v1792534946,Canada (excluding territories),"",Men+,18 to 44 years,Level of coordination between health care providers in the past 12 months - Fair or poor,1.2.2.14.4,30.6
v1792534953,Canada (excluding territories),"",Men+,18 to 44 years,Experienced discrimination in a health care setting in the past 12 months,1.2.2.15.4,7.4
v1792534960,Canada (excluding territories),"",Men+,18 to 44 years,Had unmet health care needs in the past 12 months,1.2.2.16.4,24.4
v1792534967,Canada (excluding territories),"",Men+,18 to 44 years,"Delayed or did not fill a prescription, or reduced or skipped doses of medication because of the cost in the past 12 months",1.2.2.17.4,16.6
v1792534974,Canada (excluding territories),"",Men+,18 to 44 years,Has insurance that covers all or part of the cost of prescription medications,1.2.2.18.4,77.9
v1792534981,Canada (excluding territories),"",Men+,45 to 64 years,Has at least one chronic condition,1.2.3.1.4,52.2
v1792534988,Canada (excluding territories),"",Men+,45 to 64 years,Perceived health - Very good or excellent,1.2.3.2.4,53.2
v1792534995,Canada (excluding territories),"",Men+,45 to 64 years,Perceived health - Fair or poor,1.2.3.3.4,13.4
v1792535002,Canada (excluding territories),"",Men+,45 to 64 years,Perceived mental health - Very good or excellent,1.2.3.4.4,59.0
v1792535009,Canada (excluding territories),"",Men+,45 to 64 years,Perceived mental health - Fair or poor,1.2.3.5.4,11.4
v1792535016,Canada (excluding territories),"",Men+,45 to 64 years,Has a regular health care provider,1.2.3.6.4,81.9
v1792536423,Newfoundland and Labrador,2021A000210,Men+,18 to 44 years,Quality of consultation in the past 12 months - Fair or poor,2.2.2.9.4,10.1
v1792535023,Canada (excluding territories),"",Men+,45 to 64 years,Consulted a health care provider for a non-urgent primary health care need in the past 12 months,1.2.3.7.4,73.0
v1792535030,Canada (excluding territories),"",Men+,45 to 64 years,Quality of consultation in the past 12 months - Very good or excellent,1.2.3.8.4,73.4
v1792535037,Canada (excluding territories),"",Men+,45 to 64 years,Quality of consultation in the past 12 months - Fair or poor,1.2.3.9.4,7.6
v1792535044,Canada (excluding territories),"",Men+,45 to 64 years,Experienced difficulties getting non-urgent primary health care in the past 12 months,1.2.3.10.4,33.5
v1792535051,Canada (excluding territories),"",Men+,45 to 64 years,Consulted a medical specialist for an initial consultation in the past 12 months,1.2.3.11.4,32.5
v1792535058,Canada (excluding territories),"",Men+,45 to 64 years,Experienced difficulties getting specialist care in the past 12 months,1.2.3.12.4,26.9
v1792535065,Canada (excluding territories),"",Men+,45 to 64 years,Level of coordination between health care providers in the past 12 months - Very good or excellent,1.2.3.13.4,57.4
v1792535072,Canada (excluding territories),"",Men+,45 to 64 years,Level of coordination between health care providers in the past 12 months - Fair or poor,1.2.3.14.4,17.0
v1792535079,Canada (excluding territories),"",Men+,45 to 64 years,Experienced discrimination in a health care setting in the past 12 months,1.2.3.15.4,4.5
v1792535086,Canada (excluding territories),"",Men+,45 to 64 years,Had unmet health care needs in the past 12 months,1.2.3.16.4,18.2
v1792535093,Canada (excluding territories),"",Men+,45 to 64 years,"Delayed or did not fill a prescription, or reduced or skipped doses of medication because of the cost in the past 12 months",1.2.3.17.4,12.3
v1792535100,Canada (excluding territories),"",Men+,45 to 64 years,Has insurance that covers all or part of the cost of prescription medications,1.2.3.18.4,80.0
v1792535107,Canada (excluding territories),"",Men+,65 years and over,Has at least one chronic condition,1.2.4.1.4,78.8
v1792535114,Canada (excluding territories),"",Men+,65 years and over,Perceived health - Very good or excellent,1.2.4.2.4,37.9
v1792535121,Canada (excluding territories),"",Men+,65 years and over,Perceived health - Fair or poor,1.2.4.3.4,23.4
v1792535128,Canada (excluding territories),"",Men+,65 years and over,Perceived mental health - Very good or excellent,1.2.4.4.4,63.3
v1792535135,Canada (excluding territories),"",Men+,65 years and over,Perceived mental health - Fair or poor,1.2.4.5.4,8.0
v1792535142,Canada (excluding territories),"",Men+,65 years and over,Has a regular health care provider,1.2.4.6.4,88.4
v1792535149,Canada (excluding territories),"",Men+,65 years and over,Consulted a health care provider for a non-urgent primary health care need in the past 12 months,1.2.4.7.4,81.0
v1792535156,Canada (excluding territories),"",Men+,65 years and over,Quality of consultation in the past 12 months - Very good or excellent,1.2.4.8.4,79.6
v1792535163,Canada (excluding territories),"",Men+,65 years and over,Quality of consultation in the past 12 months - Fair or poor,1.2.4.9.4,5.5
v1792535170,Canada (excluding territories),"",Men+,65 years and over,Experienced difficulties getting non-urgent primary health care in the past 12 months,1.2.4.10.4,26.8
v1792535177,Canada (excluding territories),"",Men+,65 years and over,Consulted a medical specialist for an initial consultation in the past 12 months,1.2.4.11.4,45.7
v1792535184,Canada (excluding territories),"",Men+,65 years and over,Experienced difficulties getting specialist care in the past 12 months,1.2.4.12.4,25.0
v1792535191,Canada (excluding territories),"",Men+,65 years and over,Level of coordination between health care providers in the past 12 months - Very good or excellent,1.2.4.13.4,67.8
v1792535198,Canada (excluding territories),"",Men+,65 years and over,Level of coordination between health care providers in the past 12 months - Fair or poor,1.2.4.14.4,9.8
v1792535205,Canada (excluding territories),"",Men+,65 years and over,Experienced discrimination in a health care setting in the past 12 months,1.2.4.15.4,4.0
v1792535212,Canada (excluding territories),"",Men+,65 years and over,Had unmet health care needs in the past 12 months,1.2.4.16.4,12.4
v1792535219,Canada (excluding territories),"",Men+,65 years and over,"Delayed or did not fill a prescription, or reduced or skipped doses of medication because of the cost in the past 12 months",1.2.4.17.4,6.7
v1792535226,Canada (excluding territories),"",Men+,65 years and over,Has insurance that covers all or part of the cost of prescription medications,1.2.4.18.4,68.9
v1792535233,Canada (excluding territories),"",Women+,"Total, 18 years and over",Has at least one chronic condition,1.3.1.1.4,54.5
v1792535240,Canada (excluding territories),"",Women+,"Total, 18 years and over",Perceived health - Very good or excellent,1.3.1.2.4,51.0
v1792535247,Canada (excluding territories),"",Women+,"Total, 18 years and over",Perceived health - Fair or poor,1.3.1.3.4,14.5
v1792535254,Canada (excluding territories),"",Women+,"Total, 18 years and over",Perceived mental health - Very good or excellent,1.3.1.4.4,50.7
v1792535261,Canada (excluding territories),"",Women+,"Total, 18 years and over",Perceived mental health - Fair or poor,1.3.1.5.4,16.3
v1792535268,Canada (excluding territories),"",Women+,"Total, 18 years and over",Has a regular health care provider,1.3.1.6.4,84.6
v1792535275,Canada (excluding territories),"",Women+,"Total, 18 years and over",Consulted a health care provider for a non-urgent primary health care need in the past 12 months,1.3.1.7.4,80.8
v1792535282,Canada (excluding territories),"",Women+,"Total, 18 years and over",Quality of consultation in the past 12 months - Very good or excellent,1.3.1.8.4,70.4
v1792535289,Canada (excluding territories),"",Women+,"Total, 18 years and over",Quality of consultation in the past 12 months - Fair or poor,1.3.1.9.4,10.7
v1792535296,Canada (excluding territories),"",Women+,"Total, 18 years and over",Experienced difficulties getting non-urgent primary health care in the past 12 months,1.3.1.10.4,42.7
v1792535303,Canada (excluding territories),"",Women+,"Total, 18 years and over",Consulted a medical specialist for an initial consultation in the past 12 months,1.3.1.11.4,36.4
v1792535310,Canada (excluding territories),"",Women+,"Total, 18 years and over",Experienced difficulties getting specialist care in the past 12 months,1.3.1.12.4,32.5
v1792535317,Canada (excluding territories),"",Women+,"Total, 18 years and over",Level of coordination between health care providers in the past 12 months - Very good or excellent,1.3.1.13.4,52.3
v1792535324,Canada (excluding territories),"",Women+,"Total, 18 years and over",Level of coordination between health care providers in the past 12 months - Fair or poor,1.3.1.14.4,22.6
v1792535331,Canada (excluding territories),"",Women+,"Total, 18 years and over",Experienced discrimination in a health care setting in the past 12 months,1.3.1.15.4,9.6
v1792535338,Canada (excluding territories),"",Women+,"Total, 18 years and over",Had unmet health care needs in the past 12 months,1.3.1.16.4,24.8
v1792535345,Canada (excluding territories),"",Women+,"Total, 18 years and over","Delayed or did not fill a prescription, or reduced or skipped doses of medication because of the cost in the past 12 months",1.3.1.17.4,14.1
v1792535352,Canada (excluding territories),"",Women+,"Total, 18 years and over",Has insurance that covers all or part of the cost of prescription medications,1.3.1.18.4,78.5
v1792535359,Canada (excluding territories),"",Women+,18 to 44 years,Has at least one chronic condition,1.3.2.1.4,39.5
v1792535366,Canada (excluding territories),"",Women+,18 to 44 years,Perceived health - Very good or excellent,1.3.2.2.4,57.6
v1792535373,Canada (excluding territories),"",Women+,18 to 44 years,Perceived health - Fair or poor,1.3.2.3.4,10.4
v1792535380,Canada (excluding territories),"",Women+,18 to 44 years,Perceived mental health - Very good or excellent,1.3.2.4.4,42.7
v1792535387,Canada (excluding territories),"",Women+,18 to 44 years,Perceived mental health - Fair or poor,1.3.2.5.4,22.2
v1792535394,Canada (excluding territories),"",Women+,18 to 44 years,Has a regular health care provider,1.3.2.6.4,80.4
v1792535401,Canada (excluding territories),"",Women+,18 to 44 years,Consulted a health care provider for a non-urgent primary health care need in the past 12 months,1.3.2.7.4,78.6
v1792535408,Canada (excluding territories),"",Women+,18 to 44 years,Quality of consultation in the past 12 months - Very good or excellent,1.3.2.8.4,65.8
v1792535415,Canada (excluding territories),"",Women+,18 to 44 years,Quality of consultation in the past 12 months - Fair or poor,1.3.2.9.4,14.1
v1792535422,Canada (excluding territories),"",Women+,18 to 44 years,Experienced difficulties getting non-urgent primary health care in the past 12 months,1.3.2.10.4,51.1
v1792535429,Canada (excluding territories),"",Women+,18 to 44 years,Consulted a medical specialist for an initial consultation in the past 12 months,1.3.2.11.4,33.2
v1792535436,Canada (excluding territories),"",Women+,18 to 44 years,Experienced difficulties getting specialist care in the past 12 months,1.3.2.12.4,36.3
v1792535443,Canada (excluding territories),"",Women+,18 to 44 years,Level of coordination between health care providers in the past 12 months - Very good or excellent,1.3.2.13.4,44.5
v1792535450,Canada (excluding territories),"",Women+,18 to 44 years,Level of coordination between health care providers in the past 12 months - Fair or poor,1.3.2.14.4,31.1
v1792535457,Canada (excluding territories),"",Women+,18 to 44 years,Experienced discrimination in a health care setting in the past 12 months,1.3.2.15.4,13.4
v1792535464,Canada (excluding territories),"",Women+,18 to 44 years,Had unmet health care needs in the past 12 months,1.3.2.16.4,30.9
v1792535471,Canada (excluding territories),"",Women+,18 to 44 years,"Delayed or did not fill a prescription, or reduced or skipped doses of medication because of the cost in the past 12 months",1.3.2.17.4,19.7
v1792535478,Canada (excluding territories),"",Women+,18 to 44 years,Has insurance that covers all or part of the cost of prescription medications,1.3.2.18.4,82.5
v1792535485,Canada (excluding territories),"",Women+,45 to 64 years,Has at least one chronic condition,1.3.3.1.4,57.1
v1792535492,Canada (excluding territories),"",Women+,45 to 64 years,Perceived health - Very good or excellent,1.3.3.2.4,49.9
v1792535499,Canada (excluding territories),"",Women+,45 to 64 years,Perceived health - Fair or poor,1.3.3.3.4,15.4
v1792535506,Canada (excluding territories),"",Women+,45 to 64 years,Perceived mental health - Very good or excellent,1.3.3.4.4,54.6
v1792535513,Canada (excluding territories),"",Women+,45 to 64 years,Perceived mental health - Fair or poor,1.3.3.5.4,12.7
v1792535520,Canada (excluding territories),"",Women+,45 to 64 years,Has a regular health care provider,1.3.3.6.4,86.5
v1792535527,Canada (excluding territories),"",Women+,45 to 64 years,Consulted a health care provider for a non-urgent primary health care need in the past 12 months,1.3.3.7.4,82.5
v1792535534,Canada (excluding territories),"",Women+,45 to 64 years,Quality of consultation in the past 12 months - Very good or excellent,1.3.3.8.4,71.0
v1792535541,Canada (excluding territories),"",Women+,45 to 64 years,Quality of consultation in the past 12 months - Fair or poor,1.3.3.9.4,9.4
v1792535548,Canada (excluding territories),"",Women+,45 to 64 years,Experienced difficulties getting non-urgent primary health care in the past 12 months,1.3.3.10.4,41.2
v1792535555,Canada (excluding territories),"",Women+,45 to 64 years,Consulted a medical specialist for an initial consultation in the past 12 months,1.3.3.11.4,37.7
v1792535562,Canada (excluding territories),"",Women+,45 to 64 years,Experienced difficulties getting specialist care in the past 12 months,1.3.3.12.4,33.4
v1792535569,Canada (excluding territories),"",Women+,45 to 64 years,Level of coordination between health care providers in the past 12 months - Very good or excellent,1.3.3.13.4,54.0
v1792535576,Canada (excluding territories),"",Women+,45 to 64 years,Level of coordination between health care providers in the past 12 months - Fair or poor,1.3.3.14.4,21.6
v1792535583,Canada (excluding territories),"",Women+,45 to 64 years,Experienced discrimination in a health care setting in the past 12 months,1.3.3.15.4,8.1
v1792535590,Canada (excluding territories),"",Women+,45 to 64 years,Had unmet health care needs in the past 12 months,1.3.3.16.4,23.1
v1792535597,Canada (excluding territories),"",Women+,45 to 64 years,"Delayed or did not fill a prescription, or reduced or skipped doses of medication because of the cost in the past 12 months",1.3.3.17.4,12.8
v1792535604,Canada (excluding territories),"",Women+,45 to 64 years,Has insurance that covers all or part of the cost of prescription medications,1.3.3.18.4,79.5
v1792535611,Canada (excluding territories),"",Women+,65 years and over,Has at least one chronic condition,1.3.4.1.4,78.6
v1792535618,Canada (excluding territories),"",Women+,65 years and over,Perceived health - Very good or excellent,1.3.4.2.4,40.6
v1792535625,Canada (excluding territories),"",Women+,65 years and over,Perceived health - Fair or poor,1.3.4.3.4,21.0
v1792535632,Canada (excluding territories),"",Women+,65 years and over,Perceived mental health - Very good or excellent,1.3.4.4.4,60.3
v1792535639,Canada (excluding territories),"",Women+,65 years and over,Perceived mental health - Fair or poor,1.3.4.5.4,9.9
v1792535646,Canada (excluding territories),"",Women+,65 years and over,Has a regular health care provider,1.3.4.6.4,89.8
v1792535653,Canada (excluding territories),"",Women+,65 years and over,Consulted a health care provider for a non-urgent primary health care need in the past 12 months,1.3.4.7.4,82.7
v1792535660,Canada (excluding territories),"",Women+,65 years and over,Quality of consultation in the past 12 months - Very good or excellent,1.3.4.8.4,77.9
v1792535667,Canada (excluding territories),"",Women+,65 years and over,Quality of consultation in the past 12 months - Fair or poor,1.3.4.9.4,6.4
v1792535674,Canada (excluding territories),"",Women+,65 years and over,Experienced difficulties getting non-urgent primary health care in the past 12 months,1.3.4.10.4,29.2
v1792535681,Canada (excluding territories),"",Women+,65 years and over,Consulted a medical specialist for an initial consultation in the past 12 months,1.3.4.11.4,40.6
v1792535688,Canada (excluding territories),"",Women+,65 years and over,Experienced difficulties getting specialist care in the past 12 months,1.3.4.12.4,24.2
v1792535695,Canada (excluding territories),"",Women+,65 years and over,Level of coordination between health care providers in the past 12 months - Very good or excellent,1.3.4.13.4,61.3
v1792535702,Canada (excluding territories),"",Women+,65 years and over,Level of coordination between health care providers in the past 12 months - Fair or poor,1.3.4.14.4,12.0
v1792535709,Canada (excluding territories),"",Women+,65 years and over,Experienced discrimination in a health care setting in the past 12 months,1.3.4.15.4,4.6
v1792535716,Canada (excluding territories),"",Women+,65 years and over,Had unmet health care needs in the past 12 months,1.3.4.16.4,15.8
v1792535723,Canada (excluding territories),"",Women+,65 years and over,"Delayed or did not fill a prescription, or reduced or skipped doses of medication because of the cost in the past 12 months",1.3.4.17.4,7.3
v1792535730,Canada (excluding territories),"",Women+,65 years and over,Has insurance that covers all or part of the cost of prescription medications,1.3.4.18.4,69.8
v1792535737,Newfoundland and Labrador,2021A000210,Both genders,"Total, 18 years and over",Has at least one chronic condition,2.1.1.1.4,61.5
v1792535744,Newfoundland and Labrador,2021A000210,Both genders,"Total, 18 years and over",Perceived health - Very good or excellent,2.1.1.2.4,52.0
v1792535751,Newfoundland and Labrador,2021A000210,Both genders,"Total, 18 years and over",Perceived health - Fair or poor,2.1.1.3.4,16.3
v1792535758,Newfoundland and Labrador,2021A000210,Both genders,"Total, 18 years and over",Perceived mental health - Very good or excellent,2.1.1.4.4,53.2
v1792535765,Newfoundland and Labrador,2021A000210,Both genders,"Total, 18 years and over",Perceived mental health - Fair or poor,2.1.1.5.4,15.9
v1792535772,Newfoundland and Labrador,2021A000210,Both genders,"Total, 18 years and over",Has a regular health care provider,2.1.1.6.4,76.1
v1792535779,Newfoundland and Labrador,2021A000210,Both genders,"Total, 18 years and over",Consulted a health care provider for a non-urgent primary health care need in the past 12 months,2.1.1.7.4,81.4
v1792535786,Newfoundland and Labrador,2021A000210,Both genders,"Total, 18 years and over",Quality of consultation in the past 12 months - Very good or excellent,2.1.1.8.4,79.5
v1792535793,Newfoundland and Labrador,2021A000210,Both genders,"Total, 18 years and over",Quality of consultation in the past 12 months - Fair or poor,2.1.1.9.4,6.2
v1792535800,Newfoundland and Labrador,2021A000210,Both genders,"Total, 18 years and over",Experienced difficulties getting non-urgent primary health care in the past 12 months,2.1.1.10.4,38.4
v1792535807,Newfoundland and Labrador,2021A000210,Both genders,"Total, 18 years and over",Consulted a medical specialist for an initial consultation in the past 12 months,2.1.1.11.4,31.8
v1792535814,Newfoundland and Labrador,2021A000210,Both genders,"Total, 18 years and over",Experienced difficulties getting specialist care in the past 12 months,2.1.1.12.4,29.9
v1792535821,Newfoundland and Labrador,2021A000210,Both genders,"Total, 18 years and over",Level of coordination between health care providers in the past 12 months - Very good or excellent,2.1.1.13.4,60.2
v1792535828,Newfoundland and Labrador,2021A000210,Both genders,"Total, 18 years and over",Level of coordination between health care providers in the past 12 months - Fair or poor,2.1.1.14.4,16.5
v1792535835,Newfoundland and Labrador,2021A000210,Both genders,"Total, 18 years and over",Experienced discrimination in a health care setting in the past 12 months,2.1.1.15.4,6.1
v1792535842,Newfoundland and Labrador,2021A000210,Both genders,"Total, 18 years and over",Had unmet health care needs in the past 12 months,2.1.1.16.4,23.4
v1792535849,Newfoundland and Labrador,2021A000210,Both genders,"Total, 18 years and over","Delayed or did not fill a prescription, or reduced or skipped doses of medication because of the cost in the past 12 months",2.1.1.17.4,12.1
v1792535856,Newfoundland and Labrador,2021A000210,Both genders,"Total, 18 years and over",Has insurance that covers all or part of the cost of prescription medications,2.1.1.18.4,83.9
v1792535863,Newfoundland and Labrador,2021A000210,Both genders,18 to 44 years,Has at least one chronic condition,2.1.2.1.4,45.8
v1792535870,Newfoundland and Labrador,2021A000210,Both genders,18 to 44 years,Perceived health - Very good or excellent,2.1.2.2.4,59.5
v1792535877,Newfoundland and Labrador,2021A000210,Both genders,18 to 44 years,Perceived health - Fair or poor,2.1.2.3.4,11.1
v1792535884,Newfoundland and Labrador,2021A000210,Both genders,18 to 44 years,Perceived mental health - Very good or excellent,2.1.2.4.4,42.0
v1792535891,Newfoundland and Labrador,2021A000210,Both genders,18 to 44 years,Perceived mental health - Fair or poor,2.1.2.5.4,22.8
v1792535898,Newfoundland and Labrador,2021A000210,Both genders,18 to 44 years,Has a regular health care provider,2.1.2.6.4,69.8
v1792535905,Newfoundland and Labrador,2021A000210,Both genders,18 to 44 years,Consulted a health care provider for a non-urgent primary health care need in the past 12 months,2.1.2.7.4,76.1
v1792535912,Newfoundland and Labrador,2021A000210,Both genders,18 to 44 years,Quality of consultation in the past 12 months - Very good or excellent,2.1.2.8.4,75.3
v1792535919,Newfoundland and Labrador,2021A000210,Both genders,18 to 44 years,Quality of consultation in the past 12 months - Fair or poor,2.1.2.9.4,9.5
v1792535926,Newfoundland and Labrador,2021A000210,Both genders,18 to 44 years,Experienced difficulties getting non-urgent primary health care in the past 12 months,2.1.2.10.4,44.7
v1792535933,Newfoundland and Labrador,2021A000210,Both genders,18 to 44 years,Consulted a medical specialist for an initial consultation in the past 12 months,2.1.2.11.4,27.4
v1792535940,Newfoundland and Labrador,2021A000210,Both genders,18 to 44 years,Experienced difficulties getting specialist care in the past 12 months,2.1.2.12.4,31.7
v1792535947,Newfoundland and Labrador,2021A000210,Both genders,18 to 44 years,Level of coordination between health care providers in the past 12 months - Very good or excellent,2.1.2.13.4,43.6
v1792535954,Newfoundland and Labrador,2021A000210,Both genders,18 to 44 years,Level of coordination between health care providers in the past 12 months - Fair or poor,2.1.2.14.4,30.2
v1792535961,Newfoundland and Labrador,2021A000210,Both genders,18 to 44 years,Experienced discrimination in a health care setting in the past 12 months,2.1.2.15.4,11.5
v1792535968,Newfoundland and Labrador,2021A000210,Both genders,18 to 44 years,Had unmet health care needs in the past 12 months,2.1.2.16.4,29.9
v1792535975,Newfoundland and Labrador,2021A000210,Both genders,18 to 44 years,"Delayed or did not fill a prescription, or reduced or skipped doses of medication because of the cost in the past 12 months",2.1.2.17.4,19.6
v1792535982,Newfoundland and Labrador,2021A000210,Both genders,18 to 44 years,Has insurance that covers all or part of the cost of prescription medications,2.1.2.18.4,81.7
v1792535989,Newfoundland and Labrador,2021A000210,Both genders,45 to 64 years,Has at least one chronic condition,2.1.3.1.4,60.8
v1792535996,Newfoundland and Labrador,2021A000210,Both genders,45 to 64 years,Perceived health - Very good or excellent,2.1.3.2.4,51.0
v1792536003,Newfoundland and Labrador,2021A000210,Both genders,45 to 64 years,Perceived health - Fair or poor,2.1.3.3.4,15.7
v1792536010,Newfoundland and Labrador,2021A000210,Both genders,45 to 64 years,Perceived mental health - Very good or excellent,2.1.3.4.4,55.2
v1792536017,Newfoundland and Labrador,2021A000210,Both genders,45 to 64 years,Perceived mental health - Fair or poor,2.1.3.5.4,15.1
v1792536024,Newfoundland and Labrador,2021A000210,Both genders,45 to 64 years,Has a regular health care provider,2.1.3.6.4,78.5
v1792536031,Newfoundland and Labrador,2021A000210,Both genders,45 to 64 years,Consulted a health care provider for a non-urgent primary health care need in the past 12 months,2.1.3.7.4,84.1
v1792536038,Newfoundland and Labrador,2021A000210,Both genders,45 to 64 years,Quality of consultation in the past 12 months - Very good or excellent,2.1.3.8.4,79.5
v1792536045,Newfoundland and Labrador,2021A000210,Both genders,45 to 64 years,Quality of consultation in the past 12 months - Fair or poor,2.1.3.9.4,5.1
v1792536052,Newfoundland and Labrador,2021A000210,Both genders,45 to 64 years,Experienced difficulties getting non-urgent primary health care in the past 12 months,2.1.3.10.4,39.0
v1792536059,Newfoundland and Labrador,2021A000210,Both genders,45 to 64 years,Consulted a medical specialist for an initial consultation in the past 12 months,2.1.3.11.4,31.6
v1792536066,Newfoundland and Labrador,2021A000210,Both genders,45 to 64 years,Experienced difficulties getting specialist care in the past 12 months,2.1.3.12.4,30.3
v1792536073,Newfoundland and Labrador,2021A000210,Both genders,45 to 64 years,Level of coordination between health care providers in the past 12 months - Very good or excellent,2.1.3.13.4,62.8
v1792536080,Newfoundland and Labrador,2021A000210,Both genders,45 to 64 years,Level of coordination between health care providers in the past 12 months - Fair or poor,2.1.3.14.4,12.4
v1792536087,Newfoundland and Labrador,2021A000210,Both genders,45 to 64 years,Experienced discrimination in a health care setting in the past 12 months,2.1.3.15.4,3.7
v1792536094,Newfoundland and Labrador,2021A000210,Both genders,45 to 64 years,Had unmet health care needs in the past 12 months,2.1.3.16.4,23.3
v1792536101,Newfoundland and Labrador,2021A000210,Both genders,45 to 64 years,"Delayed or did not fill a prescription, or reduced or skipped doses of medication because of the cost in the past 12 months",2.1.3.17.4,11.7
v1792536108,Newfoundland and Labrador,2021A000210,Both genders,45 to 64 years,Has insurance that covers all or part of the cost of prescription medications,2.1.3.18.4,87.6
v1792536115,Newfoundland and Labrador,2021A000210,Both genders,65 years and over,Has at least one chronic condition,2.1.4.1.4,81.8
v1792536122,Newfoundland and Labrador,2021A000210,Both genders,65 years and over,Perceived health - Very good or excellent,2.1.4.2.4,43.7
v1792536129,Newfoundland and Labrador,2021A000210,Both genders,65 years and over,Perceived health - Fair or poor,2.1.4.3.4,23.5
v1792536136,Newfoundland and Labrador,2021A000210,Both genders,65 years and over,Perceived mental health - Very good or excellent,2.1.4.4.4,65.0
v1792536143,Newfoundland and Labrador,2021A000210,Both genders,65 years and over,Perceived mental health - Fair or poor,2.1.4.5.4,8.2
v1792536150,Newfoundland and Labrador,2021A000210,Both genders,65 years and over,Has a regular health care provider,2.1.4.6.4,81.1
v1792544557,Ontario,2021A000235,Women+,45 to 64 years,Has at least one chronic condition,7.3.3.1.4,58.4
v1792536157,Newfoundland and Labrador,2021A000210,Both genders,65 years and over,Consulted a health care provider for a non-urgent primary health care need in the past 12 months,2.1.4.7.4,84.9
v1792536164,Newfoundland and Labrador,2021A000210,Both genders,65 years and over,Quality of consultation in the past 12 months - Very good or excellent,2.1.4.8.4,84.4
v1792536171,Newfoundland and Labrador,2021A000210,Both genders,65 years and over,Quality of consultation in the past 12 months - Fair or poor,2.1.4.9.4,3.6
v1792536178,Newfoundland and Labrador,2021A000210,Both genders,65 years and over,Experienced difficulties getting non-urgent primary health care in the past 12 months,2.1.4.10.4,29.8
v1792536185,Newfoundland and Labrador,2021A000210,Both genders,65 years and over,Consulted a medical specialist for an initial consultation in the past 12 months,2.1.4.11.4,37.6
v1792536192,Newfoundland and Labrador,2021A000210,Both genders,65 years and over,Experienced difficulties getting specialist care in the past 12 months,2.1.4.12.4,27.2
v1792536199,Newfoundland and Labrador,2021A000210,Both genders,65 years and over,Level of coordination between health care providers in the past 12 months - Very good or excellent,2.1.4.13.4,72.4
v1792536206,Newfoundland and Labrador,2021A000210,Both genders,65 years and over,Level of coordination between health care providers in the past 12 months - Fair or poor,2.1.4.14.4,8.6
v1792536213,Newfoundland and Labrador,2021A000210,Both genders,65 years and over,Experienced discrimination in a health care setting in the past 12 months,2.1.4.15.4,3.0
v1792536220,Newfoundland and Labrador,2021A000210,Both genders,65 years and over,Had unmet health care needs in the past 12 months,2.1.4.16.4,15.3
v1792536227,Newfoundland and Labrador,2021A000210,Both genders,65 years and over,"Delayed or did not fill a prescription, or reduced or skipped doses of medication because of the cost in the past 12 months",2.1.4.17.4,5.4
v1792536234,Newfoundland and Labrador,2021A000210,Both genders,65 years and over,Has insurance that covers all or part of the cost of prescription medications,2.1.4.18.4,82.2
v1792536241,Newfoundland and Labrador,2021A000210,Men+,"Total, 18 years and over",Has at least one chronic condition,2.2.1.1.4,56.2
v1792536248,Newfoundland and Labrador,2021A000210,Men+,"Total, 18 years and over",Perceived health - Very good or excellent,2.2.1.2.4,54.1
v1792536255,Newfoundland and Labrador,2021A000210,Men+,"Total, 18 years and over",Perceived health - Fair or poor,2.2.1.3.4,14.7
v1792536262,Newfoundland and Labrador,2021A000210,Men+,"Total, 18 years and over",Perceived mental health - Very good or excellent,2.2.1.4.4,56.8
v1792536269,Newfoundland and Labrador,2021A000210,Men+,"Total, 18 years and over",Perceived mental health - Fair or poor,2.2.1.5.4,14.8
v1792536276,Newfoundland and Labrador,2021A000210,Men+,"Total, 18 years and over",Has a regular health care provider,2.2.1.6.4,71.5
v1792536283,Newfoundland and Labrador,2021A000210,Men+,"Total, 18 years and over",Consulted a health care provider for a non-urgent primary health care need in the past 12 months,2.2.1.7.4,75.4
v1792536290,Newfoundland and Labrador,2021A000210,Men+,"Total, 18 years and over",Quality of consultation in the past 12 months - Very good or excellent,2.2.1.8.4,79.5
v1792536297,Newfoundland and Labrador,2021A000210,Men+,"Total, 18 years and over",Quality of consultation in the past 12 months - Fair or poor,2.2.1.9.4,6.6
v1792536304,Newfoundland and Labrador,2021A000210,Men+,"Total, 18 years and over",Experienced difficulties getting non-urgent primary health care in the past 12 months,2.2.1.10.4,35.0
v1792536311,Newfoundland and Labrador,2021A000210,Men+,"Total, 18 years and over",Consulted a medical specialist for an initial consultation in the past 12 months,2.2.1.11.4,28.9
v1792536318,Newfoundland and Labrador,2021A000210,Men+,"Total, 18 years and over",Experienced difficulties getting specialist care in the past 12 months,2.2.1.12.4,27.5
v1792536325,Newfoundland and Labrador,2021A000210,Men+,"Total, 18 years and over",Level of coordination between health care providers in the past 12 months - Very good or excellent,2.2.1.13.4,64.6
v1792536332,Newfoundland and Labrador,2021A000210,Men+,"Total, 18 years and over",Level of coordination between health care providers in the past 12 months - Fair or poor,2.2.1.14.4,14.2
v1792536339,Newfoundland and Labrador,2021A000210,Men+,"Total, 18 years and over",Experienced discrimination in a health care setting in the past 12 months,2.2.1.15.4,4.5
v1792536346,Newfoundland and Labrador,2021A000210,Men+,"Total, 18 years and over",Had unmet health care needs in the past 12 months,2.2.1.16.4,20.3
v1792536353,Newfoundland and Labrador,2021A000210,Men+,"Total, 18 years and over","Delayed or did not fill a prescription, or reduced or skipped doses of medication because of the cost in the past 12 months",2.2.1.17.4,11.2
v1792536360,Newfoundland and Labrador,2021A000210,Men+,"Total, 18 years and over",Has insurance that covers all or part of the cost of prescription medications,2.2.1.18.4,82.4
v1792536367,Newfoundland and Labrador,2021A000210,Men+,18 to 44 years,Has at least one chronic condition,2.2.2.1.4,37.2
v1792536374,Newfoundland and Labrador,2021A000210,Men+,18 to 44 years,Perceived health - Very good or excellent,2.2.2.2.4,65.9
v1792536381,Newfoundland and Labrador,2021A000210,Men+,18 to 44 years,Perceived health - Fair or poor,2.2.2.3.4,8.5
v1792536388,Newfoundland and Labrador,2021A000210,Men+,18 to 44 years,Perceived mental health - Very good or excellent,2.2.2.4.4,49.8
v1792536395,Newfoundland and Labrador,2021A000210,Men+,18 to 44 years,Perceived mental health - Fair or poor,2.2.2.5.4,21.2
v1792536402,Newfoundland and Labrador,2021A000210,Men+,18 to 44 years,Has a regular health care provider,2.2.2.6.4,60.5
v1792536409,Newfoundland and Labrador,2021A000210,Men+,18 to 44 years,Consulted a health care provider for a non-urgent primary health care need in the past 12 months,2.2.2.7.4,65.9
v1792536416,Newfoundland and Labrador,2021A000210,Men+,18 to 44 years,Quality of consultation in the past 12 months - Very good or excellent,2.2.2.8.4,75.3
v1792536430,Newfoundland and Labrador,2021A000210,Men+,18 to 44 years,Experienced difficulties getting non-urgent primary health care in the past 12 months,2.2.2.10.4,37.3
v1792536437,Newfoundland and Labrador,2021A000210,Men+,18 to 44 years,Consulted a medical specialist for an initial consultation in the past 12 months,2.2.2.11.4,20.9
v1792536444,Newfoundland and Labrador,2021A000210,Men+,18 to 44 years,Experienced difficulties getting specialist care in the past 12 months,2.2.2.12.4,24.2
v1792536465,Newfoundland and Labrador,2021A000210,Men+,18 to 44 years,Experienced discrimination in a health care setting in the past 12 months,2.2.2.15.4,7.8
v1792536472,Newfoundland and Labrador,2021A000210,Men+,18 to 44 years,Had unmet health care needs in the past 12 months,2.2.2.16.4,22.3
v1792536479,Newfoundland and Labrador,2021A000210,Men+,18 to 44 years,"Delayed or did not fill a prescription, or reduced or skipped doses of medication because of the cost in the past 12 months",2.2.2.17.4,17.3
v1792536486,Newfoundland and Labrador,2021A000210,Men+,18 to 44 years,Has insurance that covers all or part of the cost of prescription medications,2.2.2.18.4,79.3
v1792536493,Newfoundland and Labrador,2021A000210,Men+,45 to 64 years,Has at least one chronic condition,2.2.3.1.4,57.7
v1792536500,Newfoundland and Labrador,2021A000210,Men+,45 to 64 years,Perceived health - Very good or excellent,2.2.3.2.4,49.9
v1792536507,Newfoundland and Labrador,2021A000210,Men+,45 to 64 years,Perceived health - Fair or poor,2.2.3.3.4,14.6
v1792536514,Newfoundland and Labrador,2021A000210,Men+,45 to 64 years,Perceived mental health - Very good or excellent,2.2.3.4.4,56.7
v1792536521,Newfoundland and Labrador,2021A000210,Men+,45 to 64 years,Perceived mental health - Fair or poor,2.2.3.5.4,13.9
v1792536528,Newfoundland and Labrador,2021A000210,Men+,45 to 64 years,Has a regular health care provider,2.2.3.6.4,75.3
v1792536535,Newfoundland and Labrador,2021A000210,Men+,45 to 64 years,Consulted a health care provider for a non-urgent primary health care need in the past 12 months,2.2.3.7.4,78.4
v1792536542,Newfoundland and Labrador,2021A000210,Men+,45 to 64 years,Quality of consultation in the past 12 months - Very good or excellent,2.2.3.8.4,79.5
v1792536549,Newfoundland and Labrador,2021A000210,Men+,45 to 64 years,Quality of consultation in the past 12 months - Fair or poor,2.2.3.9.4,5.2
v1792536556,Newfoundland and Labrador,2021A000210,Men+,45 to 64 years,Experienced difficulties getting non-urgent primary health care in the past 12 months,2.2.3.10.4,38.1
v1792536563,Newfoundland and Labrador,2021A000210,Men+,45 to 64 years,Consulted a medical specialist for an initial consultation in the past 12 months,2.2.3.11.4,28.8
v1792536570,Newfoundland and Labrador,2021A000210,Men+,45 to 64 years,Experienced difficulties getting specialist care in the past 12 months,2.2.3.12.4,30.5
v1792536577,Newfoundland and Labrador,2021A000210,Men+,45 to 64 years,Level of coordination between health care providers in the past 12 months - Very good or excellent,2.2.3.13.4,64.5
v1792536584,Newfoundland and Labrador,2021A000210,Men+,45 to 64 years,Level of coordination between health care providers in the past 12 months - Fair or poor,2.2.3.14.4,13.1
v1792536591,Newfoundland and Labrador,2021A000210,Men+,45 to 64 years,Experienced discrimination in a health care setting in the past 12 months,2.2.3.15.4,2.5
v1792536598,Newfoundland and Labrador,2021A000210,Men+,45 to 64 years,Had unmet health care needs in the past 12 months,2.2.3.16.4,21.8
v1792536605,Newfoundland and Labrador,2021A000210,Men+,45 to 64 years,"Delayed or did not fill a prescription, or reduced or skipped doses of medication because of the cost in the past 12 months",2.2.3.17.4,10.4
v1792536612,Newfoundland and Labrador,2021A000210,Men+,45 to 64 years,Has insurance that covers all or part of the cost of prescription medications,2.2.3.18.4,87.4
v1792536619,Newfoundland and Labrador,2021A000210,Men+,65 years and over,Has at least one chronic condition,2.2.4.1.4,79.4
v1792536626,Newfoundland and Labrador,2021A000210,Men+,65 years and over,Perceived health - Very good or excellent,2.2.4.2.4,43.1
v1792536633,Newfoundland and Labrador,2021A000210,Men+,65 years and over,Perceived health - Fair or poor,2.2.4.3.4,23.4
v1792536640,Newfoundland and Labrador,2021A000210,Men+,65 years and over,Perceived mental health - Very good or excellent,2.2.4.4.4,66.7
v1792536647,Newfoundland and Labrador,2021A000210,Men+,65 years and over,Perceived mental health - Fair or poor,2.2.4.5.4,6.9
v1792536654,Newfoundland and Labrador,2021A000210,Men+,65 years and over,Has a regular health care provider,2.2.4.6.4,81.6
v1792536661,Newfoundland and Labrador,2021A000210,Men+,65 years and over,Consulted a health care provider for a non-urgent primary health care need in the past 12 months,2.2.4.7.4,84.7
v1792536668,Newfoundland and Labrador,2021A000210,Men+,65 years and over,Quality of consultation in the past 12 months - Very good or excellent,2.2.4.8.4,84.0
v1792536675,Newfoundland and Labrador,2021A000210,Men+,65 years and over,Quality of consultation in the past 12 months - Fair or poor,2.2.4.9.4,4.4
v1792536682,Newfoundland and Labrador,2021A000210,Men+,65 years and over,Experienced difficulties getting non-urgent primary health care in the past 12 months,2.2.4.10.4,28.3
v1792536689,Newfoundland and Labrador,2021A000210,Men+,65 years and over,Consulted a medical specialist for an initial consultation in the past 12 months,2.2.4.11.4,40.0
v1792536696,Newfoundland and Labrador,2021A000210,Men+,65 years and over,Experienced difficulties getting specialist care in the past 12 months,2.2.4.12.4,28.4
v1792536703,Newfoundland and Labrador,2021A000210,Men+,65 years and over,Level of coordination between health care providers in the past 12 months - Very good or excellent,2.2.4.13.4,74.9
v1792536710,Newfoundland and Labrador,2021A000210,Men+,65 years and over,Level of coordination between health care providers in the past 12 months - Fair or poor,2.2.4.14.4,6.4
v1792536717,Newfoundland and Labrador,2021A000210,Men+,65 years and over,Experienced discrimination in a health care setting in the past 12 months,2.2.4.15.4,3.2
v1792536724,Newfoundland and Labrador,2021A000210,Men+,65 years and over,Had unmet health care needs in the past 12 months,2.2.4.16.4,15.5
v1792536731,Newfoundland and Labrador,2021A000210,Men+,65 years and over,"Delayed or did not fill a prescription, or reduced or skipped doses of medication because of the cost in the past 12 months",2.2.4.17.4,6.8
v1792536738,Newfoundland and Labrador,2021A000210,Men+,65 years and over,Has insurance that covers all or part of the cost of prescription medications,2.2.4.18.4,80.3
v1792536745,Newfoundland and Labrador,2021A000210,Women+,"Total, 18 years and over",Has at least one chronic condition,2.3.1.1.4,66.5
v1792536752,Newfoundland and Labrador,2021A000210,Women+,"Total, 18 years and over",Perceived health - Very good or excellent,2.3.1.2.4,50.0
v1792536759,Newfoundland and Labrador,2021A000210,Women+,"Total, 18 years and over",Perceived health - Fair or poor,2.3.1.3.4,17.8
v1792536766,Newfoundland and Labrador,2021A000210,Women+,"Total, 18 years and over",Perceived mental health - Very good or excellent,2.3.1.4.4,49.7
v1792536773,Newfoundland and Labrador,2021A000210,Women+,"Total, 18 years and over",Perceived mental health - Fair or poor,2.3.1.5.4,17.0
v1792536780,Newfoundland and Labrador,2021A000210,Women+,"Total, 18 years and over",Has a regular health care provider,2.3.1.6.4,80.5
v1792536787,Newfoundland and Labrador,2021A000210,Women+,"Total, 18 years and over",Consulted a health care provider for a non-urgent primary health care need in the past 12 months,2.3.1.7.4,87.2
v1792536794,Newfoundland and Labrador,2021A000210,Women+,"Total, 18 years and over",Quality of consultation in the past 12 months - Very good or excellent,2.3.1.8.4,79.6
v1792536801,Newfoundland and Labrador,2021A000210,Women+,"Total, 18 years and over",Quality of consultation in the past 12 months - Fair or poor,2.3.1.9.4,5.9
v1792536808,Newfoundland and Labrador,2021A000210,Women+,"Total, 18 years and over",Experienced difficulties getting non-urgent primary health care in the past 12 months,2.3.1.10.4,41.5
v1792536815,Newfoundland and Labrador,2021A000210,Women+,"Total, 18 years and over",Consulted a medical specialist for an initial consultation in the past 12 months,2.3.1.11.4,34.5
v1792536822,Newfoundland and Labrador,2021A000210,Women+,"Total, 18 years and over",Experienced difficulties getting specialist care in the past 12 months,2.3.1.12.4,32.1
v1792536829,Newfoundland and Labrador,2021A000210,Women+,"Total, 18 years and over",Level of coordination between health care providers in the past 12 months - Very good or excellent,2.3.1.13.4,57.2
v1792536836,Newfoundland and Labrador,2021A000210,Women+,"Total, 18 years and over",Level of coordination between health care providers in the past 12 months - Fair or poor,2.3.1.14.4,18.1
v1792536843,Newfoundland and Labrador,2021A000210,Women+,"Total, 18 years and over",Experienced discrimination in a health care setting in the past 12 months,2.3.1.15.4,7.5
v1792536850,Newfoundland and Labrador,2021A000210,Women+,"Total, 18 years and over",Had unmet health care needs in the past 12 months,2.3.1.16.4,26.5
v1792536857,Newfoundland and Labrador,2021A000210,Women+,"Total, 18 years and over","Delayed or did not fill a prescription, or reduced or skipped doses of medication because of the cost in the past 12 months",2.3.1.17.4,12.9
v1792536864,Newfoundland and Labrador,2021A000210,Women+,"Total, 18 years and over",Has insurance that covers all or part of the cost of prescription medications,2.3.1.18.4,85.4
v1792536871,Newfoundland and Labrador,2021A000210,Women+,18 to 44 years,Has at least one chronic condition,2.3.2.1.4,54.4
v1792536878,Newfoundland and Labrador,2021A000210,Women+,18 to 44 years,Perceived health - Very good or excellent,2.3.2.2.4,53.0
v1792536885,Newfoundland and Labrador,2021A000210,Women+,18 to 44 years,Perceived health - Fair or poor,2.3.2.3.4,13.9
v1792536892,Newfoundland and Labrador,2021A000210,Women+,18 to 44 years,Perceived mental health - Very good or excellent,2.3.2.4.4,34.0
v1792536899,Newfoundland and Labrador,2021A000210,Women+,18 to 44 years,Perceived mental health - Fair or poor,2.3.2.5.4,24.4
v1792536906,Newfoundland and Labrador,2021A000210,Women+,18 to 44 years,Has a regular health care provider,2.3.2.6.4,79.4
v1792536913,Newfoundland and Labrador,2021A000210,Women+,18 to 44 years,Consulted a health care provider for a non-urgent primary health care need in the past 12 months,2.3.2.7.4,86.6
v1792536920,Newfoundland and Labrador,2021A000210,Women+,18 to 44 years,Quality of consultation in the past 12 months - Very good or excellent,2.3.2.8.4,75.3
v1792536927,Newfoundland and Labrador,2021A000210,Women+,18 to 44 years,Quality of consultation in the past 12 months - Fair or poor,2.3.2.9.4,9.1
v1792536934,Newfoundland and Labrador,2021A000210,Women+,18 to 44 years,Experienced difficulties getting non-urgent primary health care in the past 12 months,2.3.2.10.4,52.0
v1792536941,Newfoundland and Labrador,2021A000210,Women+,18 to 44 years,Consulted a medical specialist for an initial consultation in the past 12 months,2.3.2.11.4,34.0
v1792536948,Newfoundland and Labrador,2021A000210,Women+,18 to 44 years,Experienced difficulties getting specialist care in the past 12 months,2.3.2.12.4,39.2
v1792536955,Newfoundland and Labrador,2021A000210,Women+,18 to 44 years,Level of coordination between health care providers in the past 12 months - Very good or excellent,2.3.2.13.4,43.4
v1792536962,Newfoundland and Labrador,2021A000210,Women+,18 to 44 years,Level of coordination between health care providers in the past 12 months - Fair or poor,2.3.2.14.4,29.6
v1792536969,Newfoundland and Labrador,2021A000210,Women+,18 to 44 years,Experienced discrimination in a health care setting in the past 12 months,2.3.2.15.4,14.5
v1792536976,Newfoundland and Labrador,2021A000210,Women+,18 to 44 years,Had unmet health care needs in the past 12 months,2.3.2.16.4,37.7
v1792536983,Newfoundland and Labrador,2021A000210,Women+,18 to 44 years,"Delayed or did not fill a prescription, or reduced or skipped doses of medication because of the cost in the past 12 months",2.3.2.17.4,21.1
v1792536990,Newfoundland and Labrador,2021A000210,Women+,18 to 44 years,Has insurance that covers all or part of the cost of prescription medications,2.3.2.18.4,84.1
v1792536997,Newfoundland and Labrador,2021A000210,Women+,45 to 64 years,Has at least one chronic condition,2.3.3.1.4,63.7
v1792537004,Newfoundland and Labrador,2021A000210,Women+,45 to 64 years,Perceived health - Very good or excellent,2.3.3.2.4,52.0
v1792537011,Newfoundland and Labrador,2021A000210,Women+,45 to 64 years,Perceived health - Fair or poor,2.3.3.3.4,16.7
v1792537018,Newfoundland and Labrador,2021A000210,Women+,45 to 64 years,Perceived mental health - Very good or excellent,2.3.3.4.4,53.7
v1792537025,Newfoundland and Labrador,2021A000210,Women+,45 to 64 years,Perceived mental health - Fair or poor,2.3.3.5.4,16.2
v1792537032,Newfoundland and Labrador,2021A000210,Women+,45 to 64 years,Has a regular health care provider,2.3.3.6.4,81.6
v1792537039,Newfoundland and Labrador,2021A000210,Women+,45 to 64 years,Consulted a health care provider for a non-urgent primary health care need in the past 12 months,2.3.3.7.4,89.6
v1792537046,Newfoundland and Labrador,2021A000210,Women+,45 to 64 years,Quality of consultation in the past 12 months - Very good or excellent,2.3.3.8.4,79.5
v1792537053,Newfoundland and Labrador,2021A000210,Women+,45 to 64 years,Quality of consultation in the past 12 months - Fair or poor,2.3.3.9.4,5.1
v1792537060,Newfoundland and Labrador,2021A000210,Women+,45 to 64 years,Experienced difficulties getting non-urgent primary health care in the past 12 months,2.3.3.10.4,39.9
v1792537067,Newfoundland and Labrador,2021A000210,Women+,45 to 64 years,Consulted a medical specialist for an initial consultation in the past 12 months,2.3.3.11.4,34.2
v1792537074,Newfoundland and Labrador,2021A000210,Women+,45 to 64 years,Experienced difficulties getting specialist care in the past 12 months,2.3.3.12.4,30.1
v1792537081,Newfoundland and Labrador,2021A000210,Women+,45 to 64 years,Level of coordination between health care providers in the past 12 months - Very good or excellent,2.3.3.13.4,61.7
v1792537088,Newfoundland and Labrador,2021A000210,Women+,45 to 64 years,Level of coordination between health care providers in the past 12 months - Fair or poor,2.3.3.14.4,11.9
v1792537095,Newfoundland and Labrador,2021A000210,Women+,45 to 64 years,Experienced discrimination in a health care setting in the past 12 months,2.3.3.15.4,4.6
v1792537102,Newfoundland and Labrador,2021A000210,Women+,45 to 64 years,Had unmet health care needs in the past 12 months,2.3.3.16.4,24.8
v1792537109,Newfoundland and Labrador,2021A000210,Women+,45 to 64 years,"Delayed or did not fill a prescription, or reduced or skipped doses of medication because of the cost in the past 12 months",2.3.3.17.4,12.9
v1792537116,Newfoundland and Labrador,2021A000210,Women+,45 to 64 years,Has insurance that covers all or part of the cost of prescription medications,2.3.3.18.4,87.9
v1792537123,Newfoundland and Labrador,2021A000210,Women+,65 years and over,Has at least one chronic condition,2.3.4.1.4,83.9
v1792537130,Newfoundland and Labrador,2021A000210,Women+,65 years and over,Perceived health - Very good or excellent,2.3.4.2.4,44.3
v1792537137,Newfoundland and Labrador,2021A000210,Women+,65 years and over,Perceived health - Fair or poor,2.3.4.3.4,23.6
v1792537144,Newfoundland and Labrador,2021A000210,Women+,65 years and over,Perceived mental health - Very good or excellent,2.3.4.4.4,63.5
v1792537151,Newfoundland and Labrador,2021A000210,Women+,65 years and over,Perceived mental health - Fair or poor,2.3.4.5.4,9.3
v1792537158,Newfoundland and Labrador,2021A000210,Women+,65 years and over,Has a regular health care provider,2.3.4.6.4,80.5
v1792537165,Newfoundland and Labrador,2021A000210,Women+,65 years and over,Consulted a health care provider for a non-urgent primary health care need in the past 12 months,2.3.4.7.4,85.1
v1792537172,Newfoundland and Labrador,2021A000210,Women+,65 years and over,Quality of consultation in the past 12 months - Very good or excellent,2.3.4.8.4,84.8
v1792537179,Newfoundland and Labrador,2021A000210,Women+,65 years and over,Quality of consultation in the past 12 months - Fair or poor,2.3.4.9.4,2.9
v1792537186,Newfoundland and Labrador,2021A000210,Women+,65 years and over,Experienced difficulties getting non-urgent primary health care in the past 12 months,2.3.4.10.4,31.0
v1792537193,Newfoundland and Labrador,2021A000210,Women+,65 years and over,Consulted a medical specialist for an initial consultation in the past 12 months,2.3.4.11.4,35.4
v1792537200,Newfoundland and Labrador,2021A000210,Women+,65 years and over,Experienced difficulties getting specialist care in the past 12 months,2.3.4.12.4,26.2
v1792537207,Newfoundland and Labrador,2021A000210,Women+,65 years and over,Level of coordination between health care providers in the past 12 months - Very good or excellent,2.3.4.13.4,69.7
v1792537214,Newfoundland and Labrador,2021A000210,Women+,65 years and over,Level of coordination between health care providers in the past 12 months - Fair or poor,2.3.4.14.4,11.0
v1792537221,Newfoundland and Labrador,2021A000210,Women+,65 years and over,Experienced discrimination in a health care setting in the past 12 months,2.3.4.15.4,2.8
v1792537228,Newfoundland and Labrador,2021A000210,Women+,65 years and over,Had unmet health care needs in the past 12 months,2.3.4.16.4,15.2
v1792537235,Newfoundland and Labrador,2021A000210,Women+,65 years and over,"Delayed or did not fill a prescription, or reduced or skipped doses of medication because of the cost in the past 12 months",2.3.4.17.4,4.1
v1792537242,Newfoundland and Labrador,2021A000210,Women+,65 years and over,Has insurance that covers all or part of the cost of prescription medications,2.3.4.18.4,83.9
v1792537249,Prince Edward Island,2021A000211,Both genders,"Total, 18 years and over",Has at least one chronic condition,3.1.1.1.4,55.0
v1792537256,Prince Edward Island,2021A000211,Both genders,"Total, 18 years and over",Perceived health - Very good or excellent,3.1.1.2.4,50.7
v1792537263,Prince Edward Island,2021A000211,Both genders,"Total, 18 years and over",Perceived health - Fair or poor,3.1.1.3.4,14.6
v1792537270,Prince Edward Island,2021A000211,Both genders,"Total, 18 years and over",Perceived mental health - Very good or excellent,3.1.1.4.4,50.4
v1792537277,Prince Edward Island,2021A000211,Both genders,"Total, 18 years and over",Perceived mental health - Fair or poor,3.1.1.5.4,15.0
v1792537284,Prince Edward Island,2021A000211,Both genders,"Total, 18 years and over",Has a regular health care provider,3.1.1.6.4,63.9
v1792537291,Prince Edward Island,2021A000211,Both genders,"Total, 18 years and over",Consulted a health care provider for a non-urgent primary health care need in the past 12 months,3.1.1.7.4,70.3
v1792537298,Prince Edward Island,2021A000211,Both genders,"Total, 18 years and over",Quality of consultation in the past 12 months - Very good or excellent,3.1.1.8.4,72.2
v1792537305,Prince Edward Island,2021A000211,Both genders,"Total, 18 years and over",Quality of consultation in the past 12 months - Fair or poor,3.1.1.9.4,10.4
v1792537312,Prince Edward Island,2021A000211,Both genders,"Total, 18 years and over",Experienced difficulties getting non-urgent primary health care in the past 12 months,3.1.1.10.4,39.6
v1792537319,Prince Edward Island,2021A000211,Both genders,"Total, 18 years and over",Consulted a medical specialist for an initial consultation in the past 12 months,3.1.1.11.4,25.3
v1792537326,Prince Edward Island,2021A000211,Both genders,"Total, 18 years and over",Experienced difficulties getting specialist care in the past 12 months,3.1.1.12.4,29.0
v1792537333,Prince Edward Island,2021A000211,Both genders,"Total, 18 years and over",Level of coordination between health care providers in the past 12 months - Very good or excellent,3.1.1.13.4,65.6
v1792537340,Prince Edward Island,2021A000211,Both genders,"Total, 18 years and over",Level of coordination between health care providers in the past 12 months - Fair or poor,3.1.1.14.4,12.6
v1792537347,Prince Edward Island,2021A000211,Both genders,"Total, 18 years and over",Experienced discrimination in a health care setting in the past 12 months,3.1.1.15.4,8.1
v1792537354,Prince Edward Island,2021A000211,Both genders,"Total, 18 years and over",Had unmet health care needs in the past 12 months,3.1.1.16.4,27.9
v1792537361,Prince Edward Island,2021A000211,Both genders,"Total, 18 years and over","Delayed or did not fill a prescription, or reduced or skipped doses of medication because of the cost in the past 12 months",3.1.1.17.4,11.4
v1792537368,Prince Edward Island,2021A000211,Both genders,"Total, 18 years and over",Has insurance that covers all or part of the cost of prescription medications,3.1.1.18.4,77.7
v1792537375,Prince Edward Island,2021A000211,Both genders,18 to 44 years,Has at least one chronic condition,3.1.2.1.4,38.4
v1792537382,Prince Edward Island,2021A000211,Both genders,18 to 44 years,Perceived health - Very good or excellent,3.1.2.2.4,58.2
v1792537389,Prince Edward Island,2021A000211,Both genders,18 to 44 years,Perceived health - Fair or poor,3.1.2.3.4,9.9
v1792537396,Prince Edward Island,2021A000211,Both genders,18 to 44 years,Perceived mental health - Very good or excellent,3.1.2.4.4,44.8
v1792537403,Prince Edward Island,2021A000211,Both genders,18 to 44 years,Perceived mental health - Fair or poor,3.1.2.5.4,20.6
v1792537410,Prince Edward Island,2021A000211,Both genders,18 to 44 years,Has a regular health care provider,3.1.2.6.4,54.3
v1792537417,Prince Edward Island,2021A000211,Both genders,18 to 44 years,Consulted a health care provider for a non-urgent primary health care need in the past 12 months,3.1.2.7.4,62.5
v1792537424,Prince Edward Island,2021A000211,Both genders,18 to 44 years,Quality of consultation in the past 12 months - Very good or excellent,3.1.2.8.4,62.8
v1792537431,Prince Edward Island,2021A000211,Both genders,18 to 44 years,Quality of consultation in the past 12 months - Fair or poor,3.1.2.9.4,17.0
v1792537438,Prince Edward Island,2021A000211,Both genders,18 to 44 years,Experienced difficulties getting non-urgent primary health care in the past 12 months,3.1.2.10.4,46.4
v1792537445,Prince Edward Island,2021A000211,Both genders,18 to 44 years,Consulted a medical specialist for an initial consultation in the past 12 months,3.1.2.11.4,19.9
v1792537452,Prince Edward Island,2021A000211,Both genders,18 to 44 years,Experienced difficulties getting specialist care in the past 12 months,3.1.2.12.4,31.6
v1792537459,Prince Edward Island,2021A000211,Both genders,18 to 44 years,Level of coordination between health care providers in the past 12 months - Very good or excellent,3.1.2.13.4,57.3
v1792537466,Prince Edward Island,2021A000211,Both genders,18 to 44 years,Level of coordination between health care providers in the past 12 months - Fair or poor,3.1.2.14.4,18.2
v1792537473,Prince Edward Island,2021A000211,Both genders,18 to 44 years,Experienced discrimination in a health care setting in the past 12 months,3.1.2.15.4,13.7
v1792537480,Prince Edward Island,2021A000211,Both genders,18 to 44 years,Had unmet health care needs in the past 12 months,3.1.2.16.4,33.7
v1792537487,Prince Edward Island,2021A000211,Both genders,18 to 44 years,"Delayed or did not fill a prescription, or reduced or skipped doses of medication because of the cost in the past 12 months",3.1.2.17.4,17.5
v1792537494,Prince Edward Island,2021A000211,Both genders,18 to 44 years,Has insurance that covers all or part of the cost of prescription medications,3.1.2.18.4,78.7
v1792537501,Prince Edward Island,2021A000211,Both genders,45 to 64 years,Has at least one chronic condition,3.1.3.1.4,58.8
v1792537508,Prince Edward Island,2021A000211,Both genders,45 to 64 years,Perceived health - Very good or excellent,3.1.3.2.4,46.9
v1792537515,Prince Edward Island,2021A000211,Both genders,45 to 64 years,Perceived health - Fair or poor,3.1.3.3.4,15.0
v1792537522,Prince Edward Island,2021A000211,Both genders,45 to 64 years,Perceived mental health - Very good or excellent,3.1.3.4.4,52.8
v1792537529,Prince Edward Island,2021A000211,Both genders,45 to 64 years,Perceived mental health - Fair or poor,3.1.3.5.4,12.0
v1792537536,Prince Edward Island,2021A000211,Both genders,45 to 64 years,Has a regular health care provider,3.1.3.6.4,67.9
v1792537543,Prince Edward Island,2021A000211,Both genders,45 to 64 years,Consulted a health care provider for a non-urgent primary health care need in the past 12 months,3.1.3.7.4,75.5
v1792537550,Prince Edward Island,2021A000211,Both genders,45 to 64 years,Quality of consultation in the past 12 months - Very good or excellent,3.1.3.8.4,76.4
v1792537557,Prince Edward Island,2021A000211,Both genders,45 to 64 years,Quality of consultation in the past 12 months - Fair or poor,3.1.3.9.4,6.3
v1792537564,Prince Edward Island,2021A000211,Both genders,45 to 64 years,Experienced difficulties getting non-urgent primary health care in the past 12 months,3.1.3.10.4,37.1
v1792537571,Prince Edward Island,2021A000211,Both genders,45 to 64 years,Consulted a medical specialist for an initial consultation in the past 12 months,3.1.3.11.4,27.5
v1792537578,Prince Edward Island,2021A000211,Both genders,45 to 64 years,Experienced difficulties getting specialist care in the past 12 months,3.1.3.12.4,28.8
v1792537585,Prince Edward Island,2021A000211,Both genders,45 to 64 years,Level of coordination between health care providers in the past 12 months - Very good or excellent,3.1.3.13.4,63.6
v1792537592,Prince Edward Island,2021A000211,Both genders,45 to 64 years,Level of coordination between health care providers in the past 12 months - Fair or poor,3.1.3.14.4,12.5
v1792537599,Prince Edward Island,2021A000211,Both genders,45 to 64 years,Experienced discrimination in a health care setting in the past 12 months,3.1.3.15.4,5.7
v1792537606,Prince Edward Island,2021A000211,Both genders,45 to 64 years,Had unmet health care needs in the past 12 months,3.1.3.16.4,27.3
v1792537613,Prince Edward Island,2021A000211,Both genders,45 to 64 years,"Delayed or did not fill a prescription, or reduced or skipped doses of medication because of the cost in the past 12 months",3.1.3.17.4,10.3
v1792537620,Prince Edward Island,2021A000211,Both genders,45 to 64 years,Has insurance that covers all or part of the cost of prescription medications,3.1.3.18.4,82.6
v1792537627,Prince Edward Island,2021A000211,Both genders,65 years and over,Has at least one chronic condition,3.1.4.1.4,80.6
v1792537634,Prince Edward Island,2021A000211,Both genders,65 years and over,Perceived health - Very good or excellent,3.1.4.2.4,41.7
v1792537641,Prince Edward Island,2021A000211,Both genders,65 years and over,Perceived health - Fair or poor,3.1.4.3.4,22.6
v1792537648,Prince Edward Island,2021A000211,Both genders,65 years and over,Perceived mental health - Very good or excellent,3.1.4.4.4,57.8
v1792537655,Prince Edward Island,2021A000211,Both genders,65 years and over,Perceived mental health - Fair or poor,3.1.4.5.4,8.6
v1792537662,Prince Edward Island,2021A000211,Both genders,65 years and over,Has a regular health care provider,3.1.4.6.4,76.6
v1792537669,Prince Edward Island,2021A000211,Both genders,65 years and over,Consulted a health care provider for a non-urgent primary health care need in the past 12 months,3.1.4.7.4,78.2
v1792537676,Prince Edward Island,2021A000211,Both genders,65 years and over,Quality of consultation in the past 12 months - Very good or excellent,3.1.4.8.4,81.0
v1792537683,Prince Edward Island,2021A000211,Both genders,65 years and over,Quality of consultation in the past 12 months - Fair or poor,3.1.4.9.4,5.6
v1792537690,Prince Edward Island,2021A000211,Both genders,65 years and over,Experienced difficulties getting non-urgent primary health care in the past 12 months,3.1.4.10.4,30.3
v1792537697,Prince Edward Island,2021A000211,Both genders,65 years and over,Consulted a medical specialist for an initial consultation in the past 12 months,3.1.4.11.4,32.5
v1792537704,Prince Edward Island,2021A000211,Both genders,65 years and over,Experienced difficulties getting specialist care in the past 12 months,3.1.4.12.4,24.5
v1792537711,Prince Edward Island,2021A000211,Both genders,65 years and over,Level of coordination between health care providers in the past 12 months - Very good or excellent,3.1.4.13.4,75.7
v1792537718,Prince Edward Island,2021A000211,Both genders,65 years and over,Level of coordination between health care providers in the past 12 months - Fair or poor,3.1.4.14.4,7.1
v1792537725,Prince Edward Island,2021A000211,Both genders,65 years and over,Experienced discrimination in a health care setting in the past 12 months,3.1.4.15.4,3.0
v1792537732,Prince Edward Island,2021A000211,Both genders,65 years and over,Had unmet health care needs in the past 12 months,3.1.4.16.4,18.0
v1792537739,Prince Edward Island,2021A000211,Both genders,65 years and over,"Delayed or did not fill a prescription, or reduced or skipped doses of medication because of the cost in the past 12 months",3.1.4.17.4,5.0
v1792537746,Prince Edward Island,2021A000211,Both genders,65 years and over,Has insurance that covers all or part of the cost of prescription medications,3.1.4.18.4,70.0
v1792537753,Prince Edward Island,2021A000211,Men+,"Total, 18 years and over",Has at least one chronic condition,3.2.1.1.4,50.1
v1792537760,Prince Edward Island,2021A000211,Men+,"Total, 18 years and over",Perceived health - Very good or excellent,3.2.1.2.4,51.2
v1792537767,Prince Edward Island,2021A000211,Men+,"Total, 18 years and over",Perceived health - Fair or poor,3.2.1.3.4,14.3
v1792537774,Prince Edward Island,2021A000211,Men+,"Total, 18 years and over",Perceived mental health - Very good or excellent,3.2.1.4.4,53.7
v1792537781,Prince Edward Island,2021A000211,Men+,"Total, 18 years and over",Perceived mental health - Fair or poor,3.2.1.5.4,12.3
v1792537788,Prince Edward Island,2021A000211,Men+,"Total, 18 years and over",Has a regular health care provider,3.2.1.6.4,62.5
v1792537795,Prince Edward Island,2021A000211,Men+,"Total, 18 years and over",Consulted a health care provider for a non-urgent primary health care need in the past 12 months,3.2.1.7.4,63.6
v1792537802,Prince Edward Island,2021A000211,Men+,"Total, 18 years and over",Quality of consultation in the past 12 months - Very good or excellent,3.2.1.8.4,71.2
v1792537809,Prince Edward Island,2021A000211,Men+,"Total, 18 years and over",Quality of consultation in the past 12 months - Fair or poor,3.2.1.9.4,10.6
v1792537816,Prince Edward Island,2021A000211,Men+,"Total, 18 years and over",Experienced difficulties getting non-urgent primary health care in the past 12 months,3.2.1.10.4,34.9
v1792537823,Prince Edward Island,2021A000211,Men+,"Total, 18 years and over",Consulted a medical specialist for an initial consultation in the past 12 months,3.2.1.11.4,21.5
v1792537830,Prince Edward Island,2021A000211,Men+,"Total, 18 years and over",Experienced difficulties getting specialist care in the past 12 months,3.2.1.12.4,27.0
v1792537837,Prince Edward Island,2021A000211,Men+,"Total, 18 years and over",Level of coordination between health care providers in the past 12 months - Very good or excellent,3.2.1.13.4,65.5
v1792537844,Prince Edward Island,2021A000211,Men+,"Total, 18 years and over",Level of coordination between health care providers in the past 12 months - Fair or poor,3.2.1.14.4,11.2
v1792537851,Prince Edward Island,2021A000211,Men+,"Total, 18 years and over",Experienced discrimination in a health care setting in the past 12 months,3.2.1.15.4,5.4
v1792537858,Prince Edward Island,2021A000211,Men+,"Total, 18 years and over",Had unmet health care needs in the past 12 months,3.2.1.16.4,24.7
v1792537865,Prince Edward Island,2021A000211,Men+,"Total, 18 years and over","Delayed or did not fill a prescription, or reduced or skipped doses of medication because of the cost in the past 12 months",3.2.1.17.4,8.7
v1792537872,Prince Edward Island,2021A000211,Men+,"Total, 18 years and over",Has insurance that covers all or part of the cost of prescription medications,3.2.1.18.4,75.8
v1792537879,Prince Edward Island,2021A000211,Men+,18 to 44 years,Has at least one chronic condition,3.2.2.1.4,32.4
v1792537886,Prince Edward Island,2021A000211,Men+,18 to 44 years,Perceived health - Very good or excellent,3.2.2.2.4,61.1
v1792537893,Prince Edward Island,2021A000211,Men+,18 to 44 years,Perceived health - Fair or poor,3.2.2.3.4,8.5
v1792537900,Prince Edward Island,2021A000211,Men+,18 to 44 years,Perceived mental health - Very good or excellent,3.2.2.4.4,51.3
v1792537907,Prince Edward Island,2021A000211,Men+,18 to 44 years,Perceived mental health - Fair or poor,3.2.2.5.4,16.5
v1792537914,Prince Edward Island,2021A000211,Men+,18 to 44 years,Has a regular health care provider,3.2.2.6.4,54.6
v1792537921,Prince Edward Island,2021A000211,Men+,18 to 44 years,Consulted a health care provider for a non-urgent primary health care need in the past 12 months,3.2.2.7.4,52.4
v1792538390,Prince Edward Island,2021A000211,Women+,18 to 44 years,Perceived health - Very good or excellent,3.3.2.2.4,55.2
v1792537928,Prince Edward Island,2021A000211,Men+,18 to 44 years,Quality of consultation in the past 12 months - Very good or excellent,3.2.2.8.4,61.1
v1792537935,Prince Edward Island,2021A000211,Men+,18 to 44 years,Quality of consultation in the past 12 months - Fair or poor,3.2.2.9.4,19.0
v1792537942,Prince Edward Island,2021A000211,Men+,18 to 44 years,Experienced difficulties getting non-urgent primary health care in the past 12 months,3.2.2.10.4,38.6
v1792537949,Prince Edward Island,2021A000211,Men+,18 to 44 years,Consulted a medical specialist for an initial consultation in the past 12 months,3.2.2.11.4,12.3
v1792537956,Prince Edward Island,2021A000211,Men+,18 to 44 years,Experienced difficulties getting specialist care in the past 12 months,3.2.2.12.4,26.3
v1792537977,Prince Edward Island,2021A000211,Men+,18 to 44 years,Experienced discrimination in a health care setting in the past 12 months,3.2.2.15.4,7.9
v1792537984,Prince Edward Island,2021A000211,Men+,18 to 44 years,Had unmet health care needs in the past 12 months,3.2.2.16.4,28.8
v1792537991,Prince Edward Island,2021A000211,Men+,18 to 44 years,"Delayed or did not fill a prescription, or reduced or skipped doses of medication because of the cost in the past 12 months",3.2.2.17.4,13.2
v1792537998,Prince Edward Island,2021A000211,Men+,18 to 44 years,Has insurance that covers all or part of the cost of prescription medications,3.2.2.18.4,76.1
v1792538005,Prince Edward Island,2021A000211,Men+,45 to 64 years,Has at least one chronic condition,3.2.3.1.4,54.3
v1792538012,Prince Edward Island,2021A000211,Men+,45 to 64 years,Perceived health - Very good or excellent,3.2.3.2.4,45.9
v1792538019,Prince Edward Island,2021A000211,Men+,45 to 64 years,Perceived health - Fair or poor,3.2.3.3.4,14.2
v1792538026,Prince Edward Island,2021A000211,Men+,45 to 64 years,Perceived mental health - Very good or excellent,3.2.3.4.4,54.2
v1792538033,Prince Edward Island,2021A000211,Men+,45 to 64 years,Perceived mental health - Fair or poor,3.2.3.5.4,8.9
v1792538040,Prince Edward Island,2021A000211,Men+,45 to 64 years,Has a regular health care provider,3.2.3.6.4,65.7
v1792538047,Prince Edward Island,2021A000211,Men+,45 to 64 years,Consulted a health care provider for a non-urgent primary health care need in the past 12 months,3.2.3.7.4,71.7
v1792538054,Prince Edward Island,2021A000211,Men+,45 to 64 years,Quality of consultation in the past 12 months - Very good or excellent,3.2.3.8.4,74.5
v1792538061,Prince Edward Island,2021A000211,Men+,45 to 64 years,Quality of consultation in the past 12 months - Fair or poor,3.2.3.9.4,5.7
v1792538068,Prince Edward Island,2021A000211,Men+,45 to 64 years,Experienced difficulties getting non-urgent primary health care in the past 12 months,3.2.3.10.4,33.8
v1792538075,Prince Edward Island,2021A000211,Men+,45 to 64 years,Consulted a medical specialist for an initial consultation in the past 12 months,3.2.3.11.4,25.7
v1792538082,Prince Edward Island,2021A000211,Men+,45 to 64 years,Experienced difficulties getting specialist care in the past 12 months,3.2.3.12.4,27.8
v1792538089,Prince Edward Island,2021A000211,Men+,45 to 64 years,Level of coordination between health care providers in the past 12 months - Very good or excellent,3.2.3.13.4,63.4
v1792538096,Prince Edward Island,2021A000211,Men+,45 to 64 years,Level of coordination between health care providers in the past 12 months - Fair or poor,3.2.3.14.4,9.7
v1792538103,Prince Edward Island,2021A000211,Men+,45 to 64 years,Experienced discrimination in a health care setting in the past 12 months,3.2.3.15.4,4.5
v1792538110,Prince Edward Island,2021A000211,Men+,45 to 64 years,Had unmet health care needs in the past 12 months,3.2.3.16.4,24.6
v1792538117,Prince Edward Island,2021A000211,Men+,45 to 64 years,"Delayed or did not fill a prescription, or reduced or skipped doses of medication because of the cost in the past 12 months",3.2.3.17.4,7.9
v1792538124,Prince Edward Island,2021A000211,Men+,45 to 64 years,Has insurance that covers all or part of the cost of prescription medications,3.2.3.18.4,80.6
v1792538131,Prince Edward Island,2021A000211,Men+,65 years and over,Has at least one chronic condition,3.2.4.1.4,79.8
v1792538138,Prince Edward Island,2021A000211,Men+,65 years and over,Perceived health - Very good or excellent,3.2.4.2.4,38.4
v1792538145,Prince Edward Island,2021A000211,Men+,65 years and over,Perceived health - Fair or poor,3.2.4.3.4,26.0
v1792538152,Prince Edward Island,2021A000211,Men+,65 years and over,Perceived mental health - Very good or excellent,3.2.4.4.4,57.6
v1792538159,Prince Edward Island,2021A000211,Men+,65 years and over,Perceived mental health - Fair or poor,3.2.4.5.4,8.3
v1792538166,Prince Edward Island,2021A000211,Men+,65 years and over,Has a regular health care provider,3.2.4.6.4,74.4
v1792538173,Prince Edward Island,2021A000211,Men+,65 years and over,Consulted a health care provider for a non-urgent primary health care need in the past 12 months,3.2.4.7.4,75.3
v1792538180,Prince Edward Island,2021A000211,Men+,65 years and over,Quality of consultation in the past 12 months - Very good or excellent,3.2.4.8.4,81.2
v1792538187,Prince Edward Island,2021A000211,Men+,65 years and over,Quality of consultation in the past 12 months - Fair or poor,3.2.4.9.4,5.1
v1792538194,Prince Edward Island,2021A000211,Men+,65 years and over,Experienced difficulties getting non-urgent primary health care in the past 12 months,3.2.4.10.4,29.2
v1792538201,Prince Edward Island,2021A000211,Men+,65 years and over,Consulted a medical specialist for an initial consultation in the past 12 months,3.2.4.11.4,34.7
v1792538208,Prince Edward Island,2021A000211,Men+,65 years and over,Experienced difficulties getting specialist care in the past 12 months,3.2.4.12.4,27.4
v1792538215,Prince Edward Island,2021A000211,Men+,65 years and over,Level of coordination between health care providers in the past 12 months - Very good or excellent,3.2.4.13.4,78.9
v1792538222,Prince Edward Island,2021A000211,Men+,65 years and over,Level of coordination between health care providers in the past 12 months - Fair or poor,3.2.4.14.4,6.9
v1792538229,Prince Edward Island,2021A000211,Men+,65 years and over,Experienced discrimination in a health care setting in the past 12 months,3.2.4.15.4,3.0
v1792538236,Prince Edward Island,2021A000211,Men+,65 years and over,Had unmet health care needs in the past 12 months,3.2.4.16.4,16.8
v1792538243,Prince Edward Island,2021A000211,Men+,65 years and over,"Delayed or did not fill a prescription, or reduced or skipped doses of medication because of the cost in the past 12 months",3.2.4.17.4,4.7
v1792538250,Prince Edward Island,2021A000211,Men+,65 years and over,Has insurance that covers all or part of the cost of prescription medications,3.2.4.18.4,68.7
v1792538257,Prince Edward Island,2021A000211,Women+,"Total, 18 years and over",Has at least one chronic condition,3.3.1.1.4,59.7
v1792538264,Prince Edward Island,2021A000211,Women+,"Total, 18 years and over",Perceived health - Very good or excellent,3.3.1.2.4,50.2
v1792538271,Prince Edward Island,2021A000211,Women+,"Total, 18 years and over",Perceived health - Fair or poor,3.3.1.3.4,14.9
v1792538278,Prince Edward Island,2021A000211,Women+,"Total, 18 years and over",Perceived mental health - Very good or excellent,3.3.1.4.4,47.4
v1792538285,Prince Edward Island,2021A000211,Women+,"Total, 18 years and over",Perceived mental health - Fair or poor,3.3.1.5.4,17.6
v1792538292,Prince Edward Island,2021A000211,Women+,"Total, 18 years and over",Has a regular health care provider,3.3.1.6.4,65.2
v1792538299,Prince Edward Island,2021A000211,Women+,"Total, 18 years and over",Consulted a health care provider for a non-urgent primary health care need in the past 12 months,3.3.1.7.4,76.8
v1792538306,Prince Edward Island,2021A000211,Women+,"Total, 18 years and over",Quality of consultation in the past 12 months - Very good or excellent,3.3.1.8.4,73.0
v1792538313,Prince Edward Island,2021A000211,Women+,"Total, 18 years and over",Quality of consultation in the past 12 months - Fair or poor,3.3.1.9.4,10.2
v1792538320,Prince Edward Island,2021A000211,Women+,"Total, 18 years and over",Experienced difficulties getting non-urgent primary health care in the past 12 months,3.3.1.10.4,43.9
v1792538327,Prince Edward Island,2021A000211,Women+,"Total, 18 years and over",Consulted a medical specialist for an initial consultation in the past 12 months,3.3.1.11.4,28.9
v1792538334,Prince Edward Island,2021A000211,Women+,"Total, 18 years and over",Experienced difficulties getting specialist care in the past 12 months,3.3.1.12.4,30.9
v1792538341,Prince Edward Island,2021A000211,Women+,"Total, 18 years and over",Level of coordination between health care providers in the past 12 months - Very good or excellent,3.3.1.13.4,65.7
v1792538348,Prince Edward Island,2021A000211,Women+,"Total, 18 years and over",Level of coordination between health care providers in the past 12 months - Fair or poor,3.3.1.14.4,13.5
v1792538355,Prince Edward Island,2021A000211,Women+,"Total, 18 years and over",Experienced discrimination in a health care setting in the past 12 months,3.3.1.15.4,10.3
v1792538362,Prince Edward Island,2021A000211,Women+,"Total, 18 years and over",Had unmet health care needs in the past 12 months,3.3.1.16.4,30.9
v1792538369,Prince Edward Island,2021A000211,Women+,"Total, 18 years and over","Delayed or did not fill a prescription, or reduced or skipped doses of medication because of the cost in the past 12 months",3.3.1.17.4,13.5
v1792538376,Prince Edward Island,2021A000211,Women+,"Total, 18 years and over",Has insurance that covers all or part of the cost of prescription medications,3.3.1.18.4,79.6
v1792538383,Prince Edward Island,2021A000211,Women+,18 to 44 years,Has at least one chronic condition,3.3.2.1.4,44.5
v1792538397,Prince Edward Island,2021A000211,Women+,18 to 44 years,Perceived health - Fair or poor,3.3.2.3.4,11.5
v1792538404,Prince Edward Island,2021A000211,Women+,18 to 44 years,Perceived mental health - Very good or excellent,3.3.2.4.4,38.2
v1792538411,Prince Edward Island,2021A000211,Women+,18 to 44 years,Perceived mental health - Fair or poor,3.3.2.5.4,24.8
v1792538418,Prince Edward Island,2021A000211,Women+,18 to 44 years,Has a regular health care provider,3.3.2.6.4,54.1
v1792538425,Prince Edward Island,2021A000211,Women+,18 to 44 years,Consulted a health care provider for a non-urgent primary health care need in the past 12 months,3.3.2.7.4,72.8
v1792538432,Prince Edward Island,2021A000211,Women+,18 to 44 years,Quality of consultation in the past 12 months - Very good or excellent,3.3.2.8.4,64.0
v1792538439,Prince Edward Island,2021A000211,Women+,18 to 44 years,Quality of consultation in the past 12 months - Fair or poor,3.3.2.9.4,15.6
v1792538446,Prince Edward Island,2021A000211,Women+,18 to 44 years,Experienced difficulties getting non-urgent primary health care in the past 12 months,3.3.2.10.4,54.0
v1792538453,Prince Edward Island,2021A000211,Women+,18 to 44 years,Consulted a medical specialist for an initial consultation in the past 12 months,3.3.2.11.4,27.7
v1792538460,Prince Edward Island,2021A000211,Women+,18 to 44 years,Experienced difficulties getting specialist care in the past 12 months,3.3.2.12.4,36.8
v1792538467,Prince Edward Island,2021A000211,Women+,18 to 44 years,Level of coordination between health care providers in the past 12 months - Very good or excellent,3.3.2.13.4,61.3
v1792538474,Prince Edward Island,2021A000211,Women+,18 to 44 years,Level of coordination between health care providers in the past 12 months - Fair or poor,3.3.2.14.4,17.8
v1792538481,Prince Edward Island,2021A000211,Women+,18 to 44 years,Experienced discrimination in a health care setting in the past 12 months,3.3.2.15.4,17.8
v1792538488,Prince Edward Island,2021A000211,Women+,18 to 44 years,Had unmet health care needs in the past 12 months,3.3.2.16.4,38.6
v1792538495,Prince Edward Island,2021A000211,Women+,18 to 44 years,"Delayed or did not fill a prescription, or reduced or skipped doses of medication because of the cost in the past 12 months",3.3.2.17.4,20.5
v1792538502,Prince Edward Island,2021A000211,Women+,18 to 44 years,Has insurance that covers all or part of the cost of prescription medications,3.3.2.18.4,81.2
v1792538509,Prince Edward Island,2021A000211,Women+,45 to 64 years,Has at least one chronic condition,3.3.3.1.4,63.0
v1792538516,Prince Edward Island,2021A000211,Women+,45 to 64 years,Perceived health - Very good or excellent,3.3.3.2.4,47.8
v1792538523,Prince Edward Island,2021A000211,Women+,45 to 64 years,Perceived health - Fair or poor,3.3.3.3.4,15.7
v1792538530,Prince Edward Island,2021A000211,Women+,45 to 64 years,Perceived mental health - Very good or excellent,3.3.3.4.4,51.4
v1792538537,Prince Edward Island,2021A000211,Women+,45 to 64 years,Perceived mental health - Fair or poor,3.3.3.5.4,14.8
v1792538544,Prince Edward Island,2021A000211,Women+,45 to 64 years,Has a regular health care provider,3.3.3.6.4,70.0
v1792538551,Prince Edward Island,2021A000211,Women+,45 to 64 years,Consulted a health care provider for a non-urgent primary health care need in the past 12 months,3.3.3.7.4,79.1
v1792538558,Prince Edward Island,2021A000211,Women+,45 to 64 years,Quality of consultation in the past 12 months - Very good or excellent,3.3.3.8.4,78.0
v1792538565,Prince Edward Island,2021A000211,Women+,45 to 64 years,Quality of consultation in the past 12 months - Fair or poor,3.3.3.9.4,6.8
v1792538572,Prince Edward Island,2021A000211,Women+,45 to 64 years,Experienced difficulties getting non-urgent primary health care in the past 12 months,3.3.3.10.4,40.2
v1792538579,Prince Edward Island,2021A000211,Women+,45 to 64 years,Consulted a medical specialist for an initial consultation in the past 12 months,3.3.3.11.4,29.1
v1792538586,Prince Edward Island,2021A000211,Women+,45 to 64 years,Experienced difficulties getting specialist care in the past 12 months,3.3.3.12.4,29.8
v1792538593,Prince Edward Island,2021A000211,Women+,45 to 64 years,Level of coordination between health care providers in the past 12 months - Very good or excellent,3.3.3.13.4,63.8
v1792538600,Prince Edward Island,2021A000211,Women+,45 to 64 years,Level of coordination between health care providers in the past 12 months - Fair or poor,3.3.3.14.4,14.5
v1792538607,Prince Edward Island,2021A000211,Women+,45 to 64 years,Experienced discrimination in a health care setting in the past 12 months,3.3.3.15.4,6.8
v1792538614,Prince Edward Island,2021A000211,Women+,45 to 64 years,Had unmet health care needs in the past 12 months,3.3.3.16.4,29.8
v1792538621,Prince Edward Island,2021A000211,Women+,45 to 64 years,"Delayed or did not fill a prescription, or reduced or skipped doses of medication because of the cost in the past 12 months",3.3.3.17.4,12.4
v1792538628,Prince Edward Island,2021A000211,Women+,45 to 64 years,Has insurance that covers all or part of the cost of prescription medications,3.3.3.18.4,84.5
v1792538635,Prince Edward Island,2021A000211,Women+,65 years and over,Has at least one chronic condition,3.3.4.1.4,81.4
v1792538642,Prince Edward Island,2021A000211,Women+,65 years and over,Perceived health - Very good or excellent,3.3.4.2.4,44.6
v1792538649,Prince Edward Island,2021A000211,Women+,65 years and over,Perceived health - Fair or poor,3.3.4.3.4,19.8
v1792538656,Prince Edward Island,2021A000211,Women+,65 years and over,Perceived mental health - Very good or excellent,3.3.4.4.4,58.0
v1792538663,Prince Edward Island,2021A000211,Women+,65 years and over,Perceived mental health - Fair or poor,3.3.4.5.4,8.9
v1792538670,Prince Edward Island,2021A000211,Women+,65 years and over,Has a regular health care provider,3.3.4.6.4,78.4
v1792538677,Prince Edward Island,2021A000211,Women+,65 years and over,Consulted a health care provider for a non-urgent primary health care need in the past 12 months,3.3.4.7.4,80.7
v1792538684,Prince Edward Island,2021A000211,Women+,65 years and over,Quality of consultation in the past 12 months - Very good or excellent,3.3.4.8.4,80.9
v1792538691,Prince Edward Island,2021A000211,Women+,65 years and over,Quality of consultation in the past 12 months - Fair or poor,3.3.4.9.4,6.0
v1792538698,Prince Edward Island,2021A000211,Women+,65 years and over,Experienced difficulties getting non-urgent primary health care in the past 12 months,3.3.4.10.4,31.2
v1792538705,Prince Edward Island,2021A000211,Women+,65 years and over,Consulted a medical specialist for an initial consultation in the past 12 months,3.3.4.11.4,30.5
v1792538712,Prince Edward Island,2021A000211,Women+,65 years and over,Experienced difficulties getting specialist care in the past 12 months,3.3.4.12.4,22.0
v1792538719,Prince Edward Island,2021A000211,Women+,65 years and over,Level of coordination between health care providers in the past 12 months - Very good or excellent,3.3.4.13.4,73.0
v1792538726,Prince Edward Island,2021A000211,Women+,65 years and over,Level of coordination between health care providers in the past 12 months - Fair or poor,3.3.4.14.4,7.3
v1792538733,Prince Edward Island,2021A000211,Women+,65 years and over,Experienced discrimination in a health care setting in the past 12 months,3.3.4.15.4,3.0
v1792538740,Prince Edward Island,2021A000211,Women+,65 years and over,Had unmet health care needs in the past 12 months,3.3.4.16.4,19.1
v1792538747,Prince Edward Island,2021A000211,Women+,65 years and over,"Delayed or did not fill a prescription, or reduced or skipped doses of medication because of the cost in the past 12 months",3.3.4.17.4,5.4
v1792538754,Prince Edward Island,2021A000211,Women+,65 years and over,Has insurance that covers all or part of the cost of prescription medications,3.3.4.18.4,71.2
v1792538761,Nova Scotia,2021A000212,Both genders,"Total, 18 years and over",Has at least one chronic condition,4.1.1.1.4,57.1
v1792538768,Nova Scotia,2021A000212,Both genders,"Total, 18 years and over",Perceived health - Very good or excellent,4.1.1.2.4,50.1
v1792538775,Nova Scotia,2021A000212,Both genders,"Total, 18 years and over",Perceived health - Fair or poor,4.1.1.3.4,15.4
v1792538782,Nova Scotia,2021A000212,Both genders,"Total, 18 years and over",Perceived mental health - Very good or excellent,4.1.1.4.4,49.1
v1792538789,Nova Scotia,2021A000212,Both genders,"Total, 18 years and over",Perceived mental health - Fair or poor,4.1.1.5.4,17.2
v1792538796,Nova Scotia,2021A000212,Both genders,"Total, 18 years and over",Has a regular health care provider,4.1.1.6.4,77.1
v1792538803,Nova Scotia,2021A000212,Both genders,"Total, 18 years and over",Consulted a health care provider for a non-urgent primary health care need in the past 12 months,4.1.1.7.4,76.9
v1792538810,Nova Scotia,2021A000212,Both genders,"Total, 18 years and over",Quality of consultation in the past 12 months - Very good or excellent,4.1.1.8.4,71.3
v1792538817,Nova Scotia,2021A000212,Both genders,"Total, 18 years and over",Quality of consultation in the past 12 months - Fair or poor,4.1.1.9.4,10.1
v1792538824,Nova Scotia,2021A000212,Both genders,"Total, 18 years and over",Experienced difficulties getting non-urgent primary health care in the past 12 months,4.1.1.10.4,40.3
v1792538831,Nova Scotia,2021A000212,Both genders,"Total, 18 years and over",Consulted a medical specialist for an initial consultation in the past 12 months,4.1.1.11.4,27.8
v1792538838,Nova Scotia,2021A000212,Both genders,"Total, 18 years and over",Experienced difficulties getting specialist care in the past 12 months,4.1.1.12.4,27.7
v1792538845,Nova Scotia,2021A000212,Both genders,"Total, 18 years and over",Level of coordination between health care providers in the past 12 months - Very good or excellent,4.1.1.13.4,55.9
v1792538852,Nova Scotia,2021A000212,Both genders,"Total, 18 years and over",Level of coordination between health care providers in the past 12 months - Fair or poor,4.1.1.14.4,21.4
v1792538859,Nova Scotia,2021A000212,Both genders,"Total, 18 years and over",Experienced discrimination in a health care setting in the past 12 months,4.1.1.15.4,8.6
v1792538866,Nova Scotia,2021A000212,Both genders,"Total, 18 years and over",Had unmet health care needs in the past 12 months,4.1.1.16.4,25.0
v1792538873,Nova Scotia,2021A000212,Both genders,"Total, 18 years and over","Delayed or did not fill a prescription, or reduced or skipped doses of medication because of the cost in the past 12 months",4.1.1.17.4,13.3
v1792538880,Nova Scotia,2021A000212,Both genders,"Total, 18 years and over",Has insurance that covers all or part of the cost of prescription medications,4.1.1.18.4,83.3
v1792538887,Nova Scotia,2021A000212,Both genders,18 to 44 years,Has at least one chronic condition,4.1.2.1.4,38.9
v1792538894,Nova Scotia,2021A000212,Both genders,18 to 44 years,Perceived health - Very good or excellent,4.1.2.2.4,60.3
v1792538901,Nova Scotia,2021A000212,Both genders,18 to 44 years,Perceived health - Fair or poor,4.1.2.3.4,8.1
v1792538908,Nova Scotia,2021A000212,Both genders,18 to 44 years,Perceived mental health - Very good or excellent,4.1.2.4.4,42.4
v1792538915,Nova Scotia,2021A000212,Both genders,18 to 44 years,Perceived mental health - Fair or poor,4.1.2.5.4,22.9
v1792538922,Nova Scotia,2021A000212,Both genders,18 to 44 years,Has a regular health care provider,4.1.2.6.4,68.2
v1792538929,Nova Scotia,2021A000212,Both genders,18 to 44 years,Consulted a health care provider for a non-urgent primary health care need in the past 12 months,4.1.2.7.4,72.3
v1792538936,Nova Scotia,2021A000212,Both genders,18 to 44 years,Quality of consultation in the past 12 months - Very good or excellent,4.1.2.8.4,60.8
v1792538943,Nova Scotia,2021A000212,Both genders,18 to 44 years,Quality of consultation in the past 12 months - Fair or poor,4.1.2.9.4,15.4
v1792538950,Nova Scotia,2021A000212,Both genders,18 to 44 years,Experienced difficulties getting non-urgent primary health care in the past 12 months,4.1.2.10.4,48.4
v1792538957,Nova Scotia,2021A000212,Both genders,18 to 44 years,Consulted a medical specialist for an initial consultation in the past 12 months,4.1.2.11.4,23.2
v1792538964,Nova Scotia,2021A000212,Both genders,18 to 44 years,Experienced difficulties getting specialist care in the past 12 months,4.1.2.12.4,30.3
v1792538971,Nova Scotia,2021A000212,Both genders,18 to 44 years,Level of coordination between health care providers in the past 12 months - Very good or excellent,4.1.2.13.4,44.7
v1792538978,Nova Scotia,2021A000212,Both genders,18 to 44 years,Level of coordination between health care providers in the past 12 months - Fair or poor,4.1.2.14.4,33.4
v1792538985,Nova Scotia,2021A000212,Both genders,18 to 44 years,Experienced discrimination in a health care setting in the past 12 months,4.1.2.15.4,14.1
v1792538992,Nova Scotia,2021A000212,Both genders,18 to 44 years,Had unmet health care needs in the past 12 months,4.1.2.16.4,32.8
v1792538999,Nova Scotia,2021A000212,Both genders,18 to 44 years,"Delayed or did not fill a prescription, or reduced or skipped doses of medication because of the cost in the past 12 months",4.1.2.17.4,19.1
v1792539006,Nova Scotia,2021A000212,Both genders,18 to 44 years,Has insurance that covers all or part of the cost of prescription medications,4.1.2.18.4,83.5
v1792539013,Nova Scotia,2021A000212,Both genders,45 to 64 years,Has at least one chronic condition,4.1.3.1.4,61.5
v1792539020,Nova Scotia,2021A000212,Both genders,45 to 64 years,Perceived health - Very good or excellent,4.1.3.2.4,46.9
v1792539027,Nova Scotia,2021A000212,Both genders,45 to 64 years,Perceived health - Fair or poor,4.1.3.3.4,17.9
v1792539034,Nova Scotia,2021A000212,Both genders,45 to 64 years,Perceived mental health - Very good or excellent,4.1.3.4.4,49.4
v1792539041,Nova Scotia,2021A000212,Both genders,45 to 64 years,Perceived mental health - Fair or poor,4.1.3.5.4,15.9
v1792539048,Nova Scotia,2021A000212,Both genders,45 to 64 years,Has a regular health care provider,4.1.3.6.4,81.9
v1792539055,Nova Scotia,2021A000212,Both genders,45 to 64 years,Consulted a health care provider for a non-urgent primary health care need in the past 12 months,4.1.3.7.4,79.6
v1792539062,Nova Scotia,2021A000212,Both genders,45 to 64 years,Quality of consultation in the past 12 months - Very good or excellent,4.1.3.8.4,75.7
v1792539069,Nova Scotia,2021A000212,Both genders,45 to 64 years,Quality of consultation in the past 12 months - Fair or poor,4.1.3.9.4,8.5
v1792539076,Nova Scotia,2021A000212,Both genders,45 to 64 years,Experienced difficulties getting non-urgent primary health care in the past 12 months,4.1.3.10.4,39.0
v1792539083,Nova Scotia,2021A000212,Both genders,45 to 64 years,Consulted a medical specialist for an initial consultation in the past 12 months,4.1.3.11.4,30.0
v1792539090,Nova Scotia,2021A000212,Both genders,45 to 64 years,Experienced difficulties getting specialist care in the past 12 months,4.1.3.12.4,28.7
v1792539097,Nova Scotia,2021A000212,Both genders,45 to 64 years,Level of coordination between health care providers in the past 12 months - Very good or excellent,4.1.3.13.4,57.1
v1792539104,Nova Scotia,2021A000212,Both genders,45 to 64 years,Level of coordination between health care providers in the past 12 months - Fair or poor,4.1.3.14.4,17.7
v1792539111,Nova Scotia,2021A000212,Both genders,45 to 64 years,Experienced discrimination in a health care setting in the past 12 months,4.1.3.15.4,6.7
v1792539118,Nova Scotia,2021A000212,Both genders,45 to 64 years,Had unmet health care needs in the past 12 months,4.1.3.16.4,23.2
v1792539125,Nova Scotia,2021A000212,Both genders,45 to 64 years,"Delayed or did not fill a prescription, or reduced or skipped doses of medication because of the cost in the past 12 months",4.1.3.17.4,13.8
v1792539132,Nova Scotia,2021A000212,Both genders,45 to 64 years,Has insurance that covers all or part of the cost of prescription medications,4.1.3.18.4,82.9
v1792539139,Nova Scotia,2021A000212,Both genders,65 years and over,Has at least one chronic condition,4.1.4.1.4,80.4
v1792539146,Nova Scotia,2021A000212,Both genders,65 years and over,Perceived health - Very good or excellent,4.1.4.2.4,37.5
v1792539153,Nova Scotia,2021A000212,Both genders,65 years and over,Perceived health - Fair or poor,4.1.4.3.4,24.0
v1792539160,Nova Scotia,2021A000212,Both genders,65 years and over,Perceived mental health - Very good or excellent,4.1.4.4.4,59.4
v1792539167,Nova Scotia,2021A000212,Both genders,65 years and over,Perceived mental health - Fair or poor,4.1.4.5.4,9.6
v1792539174,Nova Scotia,2021A000212,Both genders,65 years and over,Has a regular health care provider,4.1.4.6.4,85.6
v1792539181,Nova Scotia,2021A000212,Both genders,65 years and over,Consulted a health care provider for a non-urgent primary health care need in the past 12 months,4.1.4.7.4,81.2
v1792539188,Nova Scotia,2021A000212,Both genders,65 years and over,Quality of consultation in the past 12 months - Very good or excellent,4.1.4.8.4,81.3
v1792539195,Nova Scotia,2021A000212,Both genders,65 years and over,Quality of consultation in the past 12 months - Fair or poor,4.1.4.9.4,4.3
v1792539202,Nova Scotia,2021A000212,Both genders,65 years and over,Experienced difficulties getting non-urgent primary health care in the past 12 months,4.1.4.10.4,28.8
v1792539209,Nova Scotia,2021A000212,Both genders,65 years and over,Consulted a medical specialist for an initial consultation in the past 12 months,4.1.4.11.4,32.6
v1792539216,Nova Scotia,2021A000212,Both genders,65 years and over,Experienced difficulties getting specialist care in the past 12 months,4.1.4.12.4,22.0
v1792539223,Nova Scotia,2021A000212,Both genders,65 years and over,Level of coordination between health care providers in the past 12 months - Very good or excellent,4.1.4.13.4,66.1
v1792539230,Nova Scotia,2021A000212,Both genders,65 years and over,Level of coordination between health care providers in the past 12 months - Fair or poor,4.1.4.14.4,12.8
v1792539237,Nova Scotia,2021A000212,Both genders,65 years and over,Experienced discrimination in a health care setting in the past 12 months,4.1.4.15.4,3.1
v1792539244,Nova Scotia,2021A000212,Both genders,65 years and over,Had unmet health care needs in the past 12 months,4.1.4.16.4,14.6
v1792539251,Nova Scotia,2021A000212,Both genders,65 years and over,"Delayed or did not fill a prescription, or reduced or skipped doses of medication because of the cost in the past 12 months",4.1.4.17.4,6.1
v1792539258,Nova Scotia,2021A000212,Both genders,65 years and over,Has insurance that covers all or part of the cost of prescription medications,4.1.4.18.4,83.5
v1792539265,Nova Scotia,2021A000212,Men+,"Total, 18 years and over",Has at least one chronic condition,4.2.1.1.4,54.3
v1792539272,Nova Scotia,2021A000212,Men+,"Total, 18 years and over",Perceived health - Very good or excellent,4.2.1.2.4,50.6
v1792539279,Nova Scotia,2021A000212,Men+,"Total, 18 years and over",Perceived health - Fair or poor,4.2.1.3.4,16.1
v1792539286,Nova Scotia,2021A000212,Men+,"Total, 18 years and over",Perceived mental health - Very good or excellent,4.2.1.4.4,51.5
v1792539293,Nova Scotia,2021A000212,Men+,"Total, 18 years and over",Perceived mental health - Fair or poor,4.2.1.5.4,15.8
v1792539300,Nova Scotia,2021A000212,Men+,"Total, 18 years and over",Has a regular health care provider,4.2.1.6.4,73.9
v1792539307,Nova Scotia,2021A000212,Men+,"Total, 18 years and over",Consulted a health care provider for a non-urgent primary health care need in the past 12 months,4.2.1.7.4,71.0
v1792539314,Nova Scotia,2021A000212,Men+,"Total, 18 years and over",Quality of consultation in the past 12 months - Very good or excellent,4.2.1.8.4,71.0
v1792539321,Nova Scotia,2021A000212,Men+,"Total, 18 years and over",Quality of consultation in the past 12 months - Fair or poor,4.2.1.9.4,10.7
v1792539328,Nova Scotia,2021A000212,Men+,"Total, 18 years and over",Experienced difficulties getting non-urgent primary health care in the past 12 months,4.2.1.10.4,37.4
v1792539335,Nova Scotia,2021A000212,Men+,"Total, 18 years and over",Consulted a medical specialist for an initial consultation in the past 12 months,4.2.1.11.4,26.6
v1792539342,Nova Scotia,2021A000212,Men+,"Total, 18 years and over",Experienced difficulties getting specialist care in the past 12 months,4.2.1.12.4,25.8
v1792539349,Nova Scotia,2021A000212,Men+,"Total, 18 years and over",Level of coordination between health care providers in the past 12 months - Very good or excellent,4.2.1.13.4,60.6
v1792539356,Nova Scotia,2021A000212,Men+,"Total, 18 years and over",Level of coordination between health care providers in the past 12 months - Fair or poor,4.2.1.14.4,19.1
v1792539363,Nova Scotia,2021A000212,Men+,"Total, 18 years and over",Experienced discrimination in a health care setting in the past 12 months,4.2.1.15.4,7.2
v1792539370,Nova Scotia,2021A000212,Men+,"Total, 18 years and over",Had unmet health care needs in the past 12 months,4.2.1.16.4,22.5
v1792539377,Nova Scotia,2021A000212,Men+,"Total, 18 years and over","Delayed or did not fill a prescription, or reduced or skipped doses of medication because of the cost in the past 12 months",4.2.1.17.4,14.9
v1792539384,Nova Scotia,2021A000212,Men+,"Total, 18 years and over",Has insurance that covers all or part of the cost of prescription medications,4.2.1.18.4,81.3
v1792539391,Nova Scotia,2021A000212,Men+,18 to 44 years,Has at least one chronic condition,4.2.2.1.4,32.9
v1792539398,Nova Scotia,2021A000212,Men+,18 to 44 years,Perceived health - Very good or excellent,4.2.2.2.4,62.7
v1792539405,Nova Scotia,2021A000212,Men+,18 to 44 years,Perceived health - Fair or poor,4.2.2.3.4,7.1
v1792539412,Nova Scotia,2021A000212,Men+,18 to 44 years,Perceived mental health - Very good or excellent,4.2.2.4.4,48.8
v1792539419,Nova Scotia,2021A000212,Men+,18 to 44 years,Perceived mental health - Fair or poor,4.2.2.5.4,18.4
v1792539426,Nova Scotia,2021A000212,Men+,18 to 44 years,Has a regular health care provider,4.2.2.6.4,63.1
v1792539433,Nova Scotia,2021A000212,Men+,18 to 44 years,Consulted a health care provider for a non-urgent primary health care need in the past 12 months,4.2.2.7.4,62.9
v1792539440,Nova Scotia,2021A000212,Men+,18 to 44 years,Quality of consultation in the past 12 months - Very good or excellent,4.2.2.8.4,60.2
v1792539447,Nova Scotia,2021A000212,Men+,18 to 44 years,Quality of consultation in the past 12 months - Fair or poor,4.2.2.9.4,16.4
v1792539454,Nova Scotia,2021A000212,Men+,18 to 44 years,Experienced difficulties getting non-urgent primary health care in the past 12 months,4.2.2.10.4,43.6
v1792539461,Nova Scotia,2021A000212,Men+,18 to 44 years,Consulted a medical specialist for an initial consultation in the past 12 months,4.2.2.11.4,20.0
v1792539468,Nova Scotia,2021A000212,Men+,18 to 44 years,Experienced difficulties getting specialist care in the past 12 months,4.2.2.12.4,27.3
v1792539489,Nova Scotia,2021A000212,Men+,18 to 44 years,Experienced discrimination in a health care setting in the past 12 months,4.2.2.15.4,10.4
v1792539496,Nova Scotia,2021A000212,Men+,18 to 44 years,Had unmet health care needs in the past 12 months,4.2.2.16.4,26.9
v1792539503,Nova Scotia,2021A000212,Men+,18 to 44 years,"Delayed or did not fill a prescription, or reduced or skipped doses of medication because of the cost in the past 12 months",4.2.2.17.4,21.3
v1792539510,Nova Scotia,2021A000212,Men+,18 to 44 years,Has insurance that covers all or part of the cost of prescription medications,4.2.2.18.4,79.4
v1792539517,Nova Scotia,2021A000212,Men+,45 to 64 years,Has at least one chronic condition,4.2.3.1.4,62.8
v1792539524,Nova Scotia,2021A000212,Men+,45 to 64 years,Perceived health - Very good or excellent,4.2.3.2.4,46.7
v1792539531,Nova Scotia,2021A000212,Men+,45 to 64 years,Perceived health - Fair or poor,4.2.3.3.4,19.0
v1792539538,Nova Scotia,2021A000212,Men+,45 to 64 years,Perceived mental health - Very good or excellent,4.2.3.4.4,50.3
v1792539545,Nova Scotia,2021A000212,Men+,45 to 64 years,Perceived mental health - Fair or poor,4.2.3.5.4,16.0
v1792539552,Nova Scotia,2021A000212,Men+,45 to 64 years,Has a regular health care provider,4.2.3.6.4,79.4
v1792539559,Nova Scotia,2021A000212,Men+,45 to 64 years,Consulted a health care provider for a non-urgent primary health care need in the past 12 months,4.2.3.7.4,75.5
v1792539566,Nova Scotia,2021A000212,Men+,45 to 64 years,Quality of consultation in the past 12 months - Very good or excellent,4.2.3.8.4,74.6
v1792539573,Nova Scotia,2021A000212,Men+,45 to 64 years,Quality of consultation in the past 12 months - Fair or poor,4.2.3.9.4,8.8
v1792539580,Nova Scotia,2021A000212,Men+,45 to 64 years,Experienced difficulties getting non-urgent primary health care in the past 12 months,4.2.3.10.4,37.1
v1792539587,Nova Scotia,2021A000212,Men+,45 to 64 years,Consulted a medical specialist for an initial consultation in the past 12 months,4.2.3.11.4,27.7
v1792539594,Nova Scotia,2021A000212,Men+,45 to 64 years,Experienced difficulties getting specialist care in the past 12 months,4.2.3.12.4,27.3
v1792539601,Nova Scotia,2021A000212,Men+,45 to 64 years,Level of coordination between health care providers in the past 12 months - Very good or excellent,4.2.3.13.4,64.0
v1792539608,Nova Scotia,2021A000212,Men+,45 to 64 years,Level of coordination between health care providers in the past 12 months - Fair or poor,4.2.3.14.4,11.8
v1792539615,Nova Scotia,2021A000212,Men+,45 to 64 years,Experienced discrimination in a health care setting in the past 12 months,4.2.3.15.4,7.6
v1792539622,Nova Scotia,2021A000212,Men+,45 to 64 years,Had unmet health care needs in the past 12 months,4.2.3.16.4,22.6
v1792539629,Nova Scotia,2021A000212,Men+,45 to 64 years,"Delayed or did not fill a prescription, or reduced or skipped doses of medication because of the cost in the past 12 months",4.2.3.17.4,15.2
v1792539636,Nova Scotia,2021A000212,Men+,45 to 64 years,Has insurance that covers all or part of the cost of prescription medications,4.2.3.18.4,80.6
v1792539643,Nova Scotia,2021A000212,Men+,65 years and over,Has at least one chronic condition,4.2.4.1.4,80.1
v1792539650,Nova Scotia,2021A000212,Men+,65 years and over,Perceived health - Very good or excellent,4.2.4.2.4,34.5
v1792539657,Nova Scotia,2021A000212,Men+,65 years and over,Perceived health - Fair or poor,4.2.4.3.4,28.2
v1792539664,Nova Scotia,2021A000212,Men+,65 years and over,Perceived mental health - Very good or excellent,4.2.4.4.4,57.7
v1792539671,Nova Scotia,2021A000212,Men+,65 years and over,Perceived mental health - Fair or poor,4.2.4.5.4,11.1
v1792539678,Nova Scotia,2021A000212,Men+,65 years and over,Has a regular health care provider,4.2.4.6.4,85.7
v1792539685,Nova Scotia,2021A000212,Men+,65 years and over,Consulted a health care provider for a non-urgent primary health care need in the past 12 months,4.2.4.7.4,79.4
v1792539692,Nova Scotia,2021A000212,Men+,65 years and over,Quality of consultation in the past 12 months - Very good or excellent,4.2.4.8.4,81.8
v1792539699,Nova Scotia,2021A000212,Men+,65 years and over,Quality of consultation in the past 12 months - Fair or poor,4.2.4.9.4,4.9
v1792539706,Nova Scotia,2021A000212,Men+,65 years and over,Experienced difficulties getting non-urgent primary health care in the past 12 months,4.2.4.10.4,27.1
v1792539713,Nova Scotia,2021A000212,Men+,65 years and over,Consulted a medical specialist for an initial consultation in the past 12 months,4.2.4.11.4,36.7
v1792539720,Nova Scotia,2021A000212,Men+,65 years and over,Experienced difficulties getting specialist care in the past 12 months,4.2.4.12.4,21.3
v1792539727,Nova Scotia,2021A000212,Men+,65 years and over,Level of coordination between health care providers in the past 12 months - Very good or excellent,4.2.4.13.4,66.5
v1792539734,Nova Scotia,2021A000212,Men+,65 years and over,Level of coordination between health care providers in the past 12 months - Fair or poor,4.2.4.14.4,11.8
v1792539741,Nova Scotia,2021A000212,Men+,65 years and over,Experienced discrimination in a health care setting in the past 12 months,4.2.4.15.4,2.6
v1792539748,Nova Scotia,2021A000212,Men+,65 years and over,Had unmet health care needs in the past 12 months,4.2.4.16.4,14.9
v1792539755,Nova Scotia,2021A000212,Men+,65 years and over,"Delayed or did not fill a prescription, or reduced or skipped doses of medication because of the cost in the past 12 months",4.2.4.17.4,8.1
v1792539762,Nova Scotia,2021A000212,Men+,65 years and over,Has insurance that covers all or part of the cost of prescription medications,4.2.4.18.4,85.1
v1792539769,Nova Scotia,2021A000212,Women+,"Total, 18 years and over",Has at least one chronic condition,4.3.1.1.4,59.8
v1792539776,Nova Scotia,2021A000212,Women+,"Total, 18 years and over",Perceived health - Very good or excellent,4.3.1.2.4,49.6
v1792539783,Nova Scotia,2021A000212,Women+,"Total, 18 years and over",Perceived health - Fair or poor,4.3.1.3.4,14.6
v1792539790,Nova Scotia,2021A000212,Women+,"Total, 18 years and over",Perceived mental health - Very good or excellent,4.3.1.4.4,46.7
v1792539797,Nova Scotia,2021A000212,Women+,"Total, 18 years and over",Perceived mental health - Fair or poor,4.3.1.5.4,18.5
v1792539804,Nova Scotia,2021A000212,Women+,"Total, 18 years and over",Has a regular health care provider,4.3.1.6.4,80.2
v1792539811,Nova Scotia,2021A000212,Women+,"Total, 18 years and over",Consulted a health care provider for a non-urgent primary health care need in the past 12 months,4.3.1.7.4,82.6
v1792539818,Nova Scotia,2021A000212,Women+,"Total, 18 years and over",Quality of consultation in the past 12 months - Very good or excellent,4.3.1.8.4,71.5
v1792539825,Nova Scotia,2021A000212,Women+,"Total, 18 years and over",Quality of consultation in the past 12 months - Fair or poor,4.3.1.9.4,9.7
v1792539832,Nova Scotia,2021A000212,Women+,"Total, 18 years and over",Experienced difficulties getting non-urgent primary health care in the past 12 months,4.3.1.10.4,43.0
v1792539839,Nova Scotia,2021A000212,Women+,"Total, 18 years and over",Consulted a medical specialist for an initial consultation in the past 12 months,4.3.1.11.4,29.0
v1792539846,Nova Scotia,2021A000212,Women+,"Total, 18 years and over",Experienced difficulties getting specialist care in the past 12 months,4.3.1.12.4,29.5
v1792539853,Nova Scotia,2021A000212,Women+,"Total, 18 years and over",Level of coordination between health care providers in the past 12 months - Very good or excellent,4.3.1.13.4,52.5
v1792539860,Nova Scotia,2021A000212,Women+,"Total, 18 years and over",Level of coordination between health care providers in the past 12 months - Fair or poor,4.3.1.14.4,23.0
v1792539867,Nova Scotia,2021A000212,Women+,"Total, 18 years and over",Experienced discrimination in a health care setting in the past 12 months,4.3.1.15.4,9.8
v1792539874,Nova Scotia,2021A000212,Women+,"Total, 18 years and over",Had unmet health care needs in the past 12 months,4.3.1.16.4,27.3
v1792539881,Nova Scotia,2021A000212,Women+,"Total, 18 years and over","Delayed or did not fill a prescription, or reduced or skipped doses of medication because of the cost in the past 12 months",4.3.1.17.4,12.0
v1792539888,Nova Scotia,2021A000212,Women+,"Total, 18 years and over",Has insurance that covers all or part of the cost of prescription medications,4.3.1.18.4,85.3
v1792539895,Nova Scotia,2021A000212,Women+,18 to 44 years,Has at least one chronic condition,4.3.2.1.4,45.1
v1792539902,Nova Scotia,2021A000212,Women+,18 to 44 years,Perceived health - Very good or excellent,4.3.2.2.4,57.9
v1792539909,Nova Scotia,2021A000212,Women+,18 to 44 years,Perceived health - Fair or poor,4.3.2.3.4,9.0
v1792539916,Nova Scotia,2021A000212,Women+,18 to 44 years,Perceived mental health - Very good or excellent,4.3.2.4.4,35.8
v1792539923,Nova Scotia,2021A000212,Women+,18 to 44 years,Perceived mental health - Fair or poor,4.3.2.5.4,27.5
v1792539930,Nova Scotia,2021A000212,Women+,18 to 44 years,Has a regular health care provider,4.3.2.6.4,73.5
v1792539937,Nova Scotia,2021A000212,Women+,18 to 44 years,Consulted a health care provider for a non-urgent primary health care need in the past 12 months,4.3.2.7.4,81.9
v1792539944,Nova Scotia,2021A000212,Women+,18 to 44 years,Quality of consultation in the past 12 months - Very good or excellent,4.3.2.8.4,61.4
v1792539951,Nova Scotia,2021A000212,Women+,18 to 44 years,Quality of consultation in the past 12 months - Fair or poor,4.3.2.9.4,14.7
v1792539958,Nova Scotia,2021A000212,Women+,18 to 44 years,Experienced difficulties getting non-urgent primary health care in the past 12 months,4.3.2.10.4,53.4
v1792539965,Nova Scotia,2021A000212,Women+,18 to 44 years,Consulted a medical specialist for an initial consultation in the past 12 months,4.3.2.11.4,26.5
v1792539972,Nova Scotia,2021A000212,Women+,18 to 44 years,Experienced difficulties getting specialist care in the past 12 months,4.3.2.12.4,33.4
v1792539979,Nova Scotia,2021A000212,Women+,18 to 44 years,Level of coordination between health care providers in the past 12 months - Very good or excellent,4.3.2.13.4,42.9
v1792539986,Nova Scotia,2021A000212,Women+,18 to 44 years,Level of coordination between health care providers in the past 12 months - Fair or poor,4.3.2.14.4,30.9
v1792539993,Nova Scotia,2021A000212,Women+,18 to 44 years,Experienced discrimination in a health care setting in the past 12 months,4.3.2.15.4,17.1
v1792540000,Nova Scotia,2021A000212,Women+,18 to 44 years,Had unmet health care needs in the past 12 months,4.3.2.16.4,38.8
v1792540007,Nova Scotia,2021A000212,Women+,18 to 44 years,"Delayed or did not fill a prescription, or reduced or skipped doses of medication because of the cost in the past 12 months",4.3.2.17.4,17.5
v1792540014,Nova Scotia,2021A000212,Women+,18 to 44 years,Has insurance that covers all or part of the cost of prescription medications,4.3.2.18.4,87.7
v1792540021,Nova Scotia,2021A000212,Women+,45 to 64 years,Has at least one chronic condition,4.3.3.1.4,60.2
v1792540028,Nova Scotia,2021A000212,Women+,45 to 64 years,Perceived health - Very good or excellent,4.3.3.2.4,47.1
v1792540035,Nova Scotia,2021A000212,Women+,45 to 64 years,Perceived health - Fair or poor,4.3.3.3.4,16.9
v1792540042,Nova Scotia,2021A000212,Women+,45 to 64 years,Perceived mental health - Very good or excellent,4.3.3.4.4,48.6
v1792540049,Nova Scotia,2021A000212,Women+,45 to 64 years,Perceived mental health - Fair or poor,4.3.3.5.4,15.8
v1792540056,Nova Scotia,2021A000212,Women+,45 to 64 years,Has a regular health care provider,4.3.3.6.4,84.1
v1792540063,Nova Scotia,2021A000212,Women+,45 to 64 years,Consulted a health care provider for a non-urgent primary health care need in the past 12 months,4.3.3.7.4,83.5
v1792540070,Nova Scotia,2021A000212,Women+,45 to 64 years,Quality of consultation in the past 12 months - Very good or excellent,4.3.3.8.4,76.5
v1792540077,Nova Scotia,2021A000212,Women+,45 to 64 years,Quality of consultation in the past 12 months - Fair or poor,4.3.3.9.4,8.3
v1792540084,Nova Scotia,2021A000212,Women+,45 to 64 years,Experienced difficulties getting non-urgent primary health care in the past 12 months,4.3.3.10.4,40.8
v1792540091,Nova Scotia,2021A000212,Women+,45 to 64 years,Consulted a medical specialist for an initial consultation in the past 12 months,4.3.3.11.4,32.2
v1792540098,Nova Scotia,2021A000212,Women+,45 to 64 years,Experienced difficulties getting specialist care in the past 12 months,4.3.3.12.4,30.1
v1792540105,Nova Scotia,2021A000212,Women+,45 to 64 years,Level of coordination between health care providers in the past 12 months - Very good or excellent,4.3.3.13.4,52.1
v1792540112,Nova Scotia,2021A000212,Women+,45 to 64 years,Level of coordination between health care providers in the past 12 months - Fair or poor,4.3.3.14.4,22.0
v1792540119,Nova Scotia,2021A000212,Women+,45 to 64 years,Experienced discrimination in a health care setting in the past 12 months,4.3.3.15.4,5.9
v1792540126,Nova Scotia,2021A000212,Women+,45 to 64 years,Had unmet health care needs in the past 12 months,4.3.3.16.4,23.7
v1792540133,Nova Scotia,2021A000212,Women+,45 to 64 years,"Delayed or did not fill a prescription, or reduced or skipped doses of medication because of the cost in the past 12 months",4.3.3.17.4,12.5
v1792540140,Nova Scotia,2021A000212,Women+,45 to 64 years,Has insurance that covers all or part of the cost of prescription medications,4.3.3.18.4,85.0
v1792540147,Nova Scotia,2021A000212,Women+,65 years and over,Has at least one chronic condition,4.3.4.1.4,80.7
v1792540154,Nova Scotia,2021A000212,Women+,65 years and over,Perceived health - Very good or excellent,4.3.4.2.4,40.1
v1792540161,Nova Scotia,2021A000212,Women+,65 years and over,Perceived health - Fair or poor,4.3.4.3.4,20.2
v1792540168,Nova Scotia,2021A000212,Women+,65 years and over,Perceived mental health - Very good or excellent,4.3.4.4.4,60.9
v1792540175,Nova Scotia,2021A000212,Women+,65 years and over,Perceived mental health - Fair or poor,4.3.4.5.4,8.2
v1792540182,Nova Scotia,2021A000212,Women+,65 years and over,Has a regular health care provider,4.3.4.6.4,85.4
v1792540189,Nova Scotia,2021A000212,Women+,65 years and over,Consulted a health care provider for a non-urgent primary health care need in the past 12 months,4.3.4.7.4,82.8
v1792540196,Nova Scotia,2021A000212,Women+,65 years and over,Quality of consultation in the past 12 months - Very good or excellent,4.3.4.8.4,80.9
v1792540203,Nova Scotia,2021A000212,Women+,65 years and over,Quality of consultation in the past 12 months - Fair or poor,4.3.4.9.4,3.8
v1792540210,Nova Scotia,2021A000212,Women+,65 years and over,Experienced difficulties getting non-urgent primary health care in the past 12 months,4.3.4.10.4,30.3
v1792540217,Nova Scotia,2021A000212,Women+,65 years and over,Consulted a medical specialist for an initial consultation in the past 12 months,4.3.4.11.4,29.0
v1792540224,Nova Scotia,2021A000212,Women+,65 years and over,Experienced difficulties getting specialist care in the past 12 months,4.3.4.12.4,22.7
v1792540231,Nova Scotia,2021A000212,Women+,65 years and over,Level of coordination between health care providers in the past 12 months - Very good or excellent,4.3.4.13.4,65.6
v1792540238,Nova Scotia,2021A000212,Women+,65 years and over,Level of coordination between health care providers in the past 12 months - Fair or poor,4.3.4.14.4,13.8
v1792540245,Nova Scotia,2021A000212,Women+,65 years and over,Experienced discrimination in a health care setting in the past 12 months,4.3.4.15.4,3.6
v1792540252,Nova Scotia,2021A000212,Women+,65 years and over,Had unmet health care needs in the past 12 months,4.3.4.16.4,14.3
v1792540259,Nova Scotia,2021A000212,Women+,65 years and over,"Delayed or did not fill a prescription, or reduced or skipped doses of medication because of the cost in the past 12 months",4.3.4.17.4,4.4
v1792540266,Nova Scotia,2021A000212,Women+,65 years and over,Has insurance that covers all or part of the cost of prescription medications,4.3.4.18.4,82.0
v1792540273,New Brunswick,2021A000213,Both genders,"Total, 18 years and over",Has at least one chronic condition,5.1.1.1.4,56.0
v1792540280,New Brunswick,2021A000213,Both genders,"Total, 18 years and over",Perceived health - Very good or excellent,5.1.1.2.4,48.5
v1792540287,New Brunswick,2021A000213,Both genders,"Total, 18 years and over",Perceived health - Fair or poor,5.1.1.3.4,17.4
v1792540294,New Brunswick,2021A000213,Both genders,"Total, 18 years and over",Perceived mental health - Very good or excellent,5.1.1.4.4,50.6
v1792540301,New Brunswick,2021A000213,Both genders,"Total, 18 years and over",Perceived mental health - Fair or poor,5.1.1.5.4,15.6
v1792540308,New Brunswick,2021A000213,Both genders,"Total, 18 years and over",Has a regular health care provider,5.1.1.6.4,79.2
v1792540315,New Brunswick,2021A000213,Both genders,"Total, 18 years and over",Consulted a health care provider for a non-urgent primary health care need in the past 12 months,5.1.1.7.4,73.9
v1792540322,New Brunswick,2021A000213,Both genders,"Total, 18 years and over",Quality of consultation in the past 12 months - Very good or excellent,5.1.1.8.4,73.9
v1792540329,New Brunswick,2021A000213,Both genders,"Total, 18 years and over",Quality of consultation in the past 12 months - Fair or poor,5.1.1.9.4,8.7
v1792540336,New Brunswick,2021A000213,Both genders,"Total, 18 years and over",Experienced difficulties getting non-urgent primary health care in the past 12 months,5.1.1.10.4,33.9
v1792540343,New Brunswick,2021A000213,Both genders,"Total, 18 years and over",Consulted a medical specialist for an initial consultation in the past 12 months,5.1.1.11.4,29.1
v1792540350,New Brunswick,2021A000213,Both genders,"Total, 18 years and over",Experienced difficulties getting specialist care in the past 12 months,5.1.1.12.4,25.8
v1792540357,New Brunswick,2021A000213,Both genders,"Total, 18 years and over",Level of coordination between health care providers in the past 12 months - Very good or excellent,5.1.1.13.4,55.4
v1792540364,New Brunswick,2021A000213,Both genders,"Total, 18 years and over",Level of coordination between health care providers in the past 12 months - Fair or poor,5.1.1.14.4,17.6
v1792540371,New Brunswick,2021A000213,Both genders,"Total, 18 years and over",Experienced discrimination in a health care setting in the past 12 months,5.1.1.15.4,7.0
v1792540378,New Brunswick,2021A000213,Both genders,"Total, 18 years and over",Had unmet health care needs in the past 12 months,5.1.1.16.4,23.1
v1792540385,New Brunswick,2021A000213,Both genders,"Total, 18 years and over","Delayed or did not fill a prescription, or reduced or skipped doses of medication because of the cost in the past 12 months",5.1.1.17.4,11.4
v1792540392,New Brunswick,2021A000213,Both genders,"Total, 18 years and over",Has insurance that covers all or part of the cost of prescription medications,5.1.1.18.4,83.1
v1792540399,New Brunswick,2021A000213,Both genders,18 to 44 years,Has at least one chronic condition,5.1.2.1.4,35.4
v1792540406,New Brunswick,2021A000213,Both genders,18 to 44 years,Perceived health - Very good or excellent,5.1.2.2.4,60.6
v1792540413,New Brunswick,2021A000213,Both genders,18 to 44 years,Perceived health - Fair or poor,5.1.2.3.4,10.5
v1792540434,New Brunswick,2021A000213,Both genders,18 to 44 years,Has a regular health care provider,5.1.2.6.4,72.8
v1792540441,New Brunswick,2021A000213,Both genders,18 to 44 years,Consulted a health care provider for a non-urgent primary health care need in the past 12 months,5.1.2.7.4,65.8
v1792540448,New Brunswick,2021A000213,Both genders,18 to 44 years,Quality of consultation in the past 12 months - Very good or excellent,5.1.2.8.4,66.6
v1792540455,New Brunswick,2021A000213,Both genders,18 to 44 years,Quality of consultation in the past 12 months - Fair or poor,5.1.2.9.4,12.9
v1792540462,New Brunswick,2021A000213,Both genders,18 to 44 years,Experienced difficulties getting non-urgent primary health care in the past 12 months,5.1.2.10.4,39.3
v1792540469,New Brunswick,2021A000213,Both genders,18 to 44 years,Consulted a medical specialist for an initial consultation in the past 12 months,5.1.2.11.4,24.0
v1792540476,New Brunswick,2021A000213,Both genders,18 to 44 years,Experienced difficulties getting specialist care in the past 12 months,5.1.2.12.4,27.2
v1792540483,New Brunswick,2021A000213,Both genders,18 to 44 years,Level of coordination between health care providers in the past 12 months - Very good or excellent,5.1.2.13.4,42.3
v1792540490,New Brunswick,2021A000213,Both genders,18 to 44 years,Level of coordination between health care providers in the past 12 months - Fair or poor,5.1.2.14.4,27.3
v1792540497,New Brunswick,2021A000213,Both genders,18 to 44 years,Experienced discrimination in a health care setting in the past 12 months,5.1.2.15.4,9.4
v1792540504,New Brunswick,2021A000213,Both genders,18 to 44 years,Had unmet health care needs in the past 12 months,5.1.2.16.4,28.6
v1792540511,New Brunswick,2021A000213,Both genders,18 to 44 years,"Delayed or did not fill a prescription, or reduced or skipped doses of medication because of the cost in the past 12 months",5.1.2.17.4,17.4
v1792540518,New Brunswick,2021A000213,Both genders,18 to 44 years,Has insurance that covers all or part of the cost of prescription medications,5.1.2.18.4,81.8
v1792540525,New Brunswick,2021A000213,Both genders,45 to 64 years,Has at least one chronic condition,5.1.3.1.4,59.5
v1792540532,New Brunswick,2021A000213,Both genders,45 to 64 years,Perceived health - Very good or excellent,5.1.3.2.4,44.0
v1792540539,New Brunswick,2021A000213,Both genders,45 to 64 years,Perceived health - Fair or poor,5.1.3.3.4,17.9
v1792540546,New Brunswick,2021A000213,Both genders,45 to 64 years,Perceived mental health - Very good or excellent,5.1.3.4.4,50.3
v1792540553,New Brunswick,2021A000213,Both genders,45 to 64 years,Perceived mental health - Fair or poor,5.1.3.5.4,14.1
v1792540560,New Brunswick,2021A000213,Both genders,45 to 64 years,Has a regular health care provider,5.1.3.6.4,79.1
v1792540567,New Brunswick,2021A000213,Both genders,45 to 64 years,Consulted a health care provider for a non-urgent primary health care need in the past 12 months,5.1.3.7.4,78.3
v1792540574,New Brunswick,2021A000213,Both genders,45 to 64 years,Quality of consultation in the past 12 months - Very good or excellent,5.1.3.8.4,75.9
v1792540581,New Brunswick,2021A000213,Both genders,45 to 64 years,Quality of consultation in the past 12 months - Fair or poor,5.1.3.9.4,8.3
v1792540588,New Brunswick,2021A000213,Both genders,45 to 64 years,Experienced difficulties getting non-urgent primary health care in the past 12 months,5.1.3.10.4,34.8
v1792540595,New Brunswick,2021A000213,Both genders,45 to 64 years,Consulted a medical specialist for an initial consultation in the past 12 months,5.1.3.11.4,28.5
v1792540602,New Brunswick,2021A000213,Both genders,45 to 64 years,Experienced difficulties getting specialist care in the past 12 months,5.1.3.12.4,27.2
v1792540609,New Brunswick,2021A000213,Both genders,45 to 64 years,Level of coordination between health care providers in the past 12 months - Very good or excellent,5.1.3.13.4,57.3
v1792540616,New Brunswick,2021A000213,Both genders,45 to 64 years,Level of coordination between health care providers in the past 12 months - Fair or poor,5.1.3.14.4,18.2
v1792540623,New Brunswick,2021A000213,Both genders,45 to 64 years,Experienced discrimination in a health care setting in the past 12 months,5.1.3.15.4,7.0
v1792540630,New Brunswick,2021A000213,Both genders,45 to 64 years,Had unmet health care needs in the past 12 months,5.1.3.16.4,24.6
v1792540637,New Brunswick,2021A000213,Both genders,45 to 64 years,"Delayed or did not fill a prescription, or reduced or skipped doses of medication because of the cost in the past 12 months",5.1.3.17.4,9.9
v1792540644,New Brunswick,2021A000213,Both genders,45 to 64 years,Has insurance that covers all or part of the cost of prescription medications,5.1.3.18.4,85.4
v1792540651,New Brunswick,2021A000213,Both genders,65 years and over,Has at least one chronic condition,5.1.4.1.4,81.2
v1792540658,New Brunswick,2021A000213,Both genders,65 years and over,Perceived health - Very good or excellent,5.1.4.2.4,36.5
v1792540665,New Brunswick,2021A000213,Both genders,65 years and over,Perceived health - Fair or poor,5.1.4.3.4,26.7
v1792540672,New Brunswick,2021A000213,Both genders,65 years and over,Perceived mental health - Very good or excellent,5.1.4.4.4,57.2
v1792540679,New Brunswick,2021A000213,Both genders,65 years and over,Perceived mental health - Fair or poor,5.1.4.5.4,9.0
v1792540686,New Brunswick,2021A000213,Both genders,65 years and over,Has a regular health care provider,5.1.4.6.4,88.6
v1792540693,New Brunswick,2021A000213,Both genders,65 years and over,Consulted a health care provider for a non-urgent primary health care need in the past 12 months,5.1.4.7.4,80.3
v1792540700,New Brunswick,2021A000213,Both genders,65 years and over,Quality of consultation in the past 12 months - Very good or excellent,5.1.4.8.4,80.3
v1792540707,New Brunswick,2021A000213,Both genders,65 years and over,Quality of consultation in the past 12 months - Fair or poor,5.1.4.9.4,4.1
v1792540714,New Brunswick,2021A000213,Both genders,65 years and over,Experienced difficulties getting non-urgent primary health care in the past 12 months,5.1.4.10.4,25.0
v1792540721,New Brunswick,2021A000213,Both genders,65 years and over,Consulted a medical specialist for an initial consultation in the past 12 months,5.1.4.11.4,37.1
v1792540728,New Brunswick,2021A000213,Both genders,65 years and over,Experienced difficulties getting specialist care in the past 12 months,5.1.4.12.4,22.0
v1792540735,New Brunswick,2021A000213,Both genders,65 years and over,Level of coordination between health care providers in the past 12 months - Very good or excellent,5.1.4.13.4,64.1
v1792540742,New Brunswick,2021A000213,Both genders,65 years and over,Level of coordination between health care providers in the past 12 months - Fair or poor,5.1.4.14.4,9.1
v1792540749,New Brunswick,2021A000213,Both genders,65 years and over,Experienced discrimination in a health care setting in the past 12 months,5.1.4.15.4,4.0
v1792540756,New Brunswick,2021A000213,Both genders,65 years and over,Had unmet health care needs in the past 12 months,5.1.4.16.4,13.3
v1792540763,New Brunswick,2021A000213,Both genders,65 years and over,"Delayed or did not fill a prescription, or reduced or skipped doses of medication because of the cost in the past 12 months",5.1.4.17.4,6.7
v1792540770,New Brunswick,2021A000213,Both genders,65 years and over,Has insurance that covers all or part of the cost of prescription medications,5.1.4.18.4,82.1
v1792540777,New Brunswick,2021A000213,Men+,"Total, 18 years and over",Has at least one chronic condition,5.2.1.1.4,52.2
v1792540784,New Brunswick,2021A000213,Men+,"Total, 18 years and over",Perceived health - Very good or excellent,5.2.1.2.4,52.9
v1792540791,New Brunswick,2021A000213,Men+,"Total, 18 years and over",Perceived health - Fair or poor,5.2.1.3.4,16.2
v1792540798,New Brunswick,2021A000213,Men+,"Total, 18 years and over",Perceived mental health - Very good or excellent,5.2.1.4.4,55.4
v1792540805,New Brunswick,2021A000213,Men+,"Total, 18 years and over",Perceived mental health - Fair or poor,5.2.1.5.4,14.5
v1792540812,New Brunswick,2021A000213,Men+,"Total, 18 years and over",Has a regular health care provider,5.2.1.6.4,77.0
v1792540819,New Brunswick,2021A000213,Men+,"Total, 18 years and over",Consulted a health care provider for a non-urgent primary health care need in the past 12 months,5.2.1.7.4,67.5
v1792540826,New Brunswick,2021A000213,Men+,"Total, 18 years and over",Quality of consultation in the past 12 months - Very good or excellent,5.2.1.8.4,73.1
v1792540833,New Brunswick,2021A000213,Men+,"Total, 18 years and over",Quality of consultation in the past 12 months - Fair or poor,5.2.1.9.4,9.9
v1792540840,New Brunswick,2021A000213,Men+,"Total, 18 years and over",Experienced difficulties getting non-urgent primary health care in the past 12 months,5.2.1.10.4,30.2
v1792540847,New Brunswick,2021A000213,Men+,"Total, 18 years and over",Consulted a medical specialist for an initial consultation in the past 12 months,5.2.1.11.4,26.3
v1792540854,New Brunswick,2021A000213,Men+,"Total, 18 years and over",Experienced difficulties getting specialist care in the past 12 months,5.2.1.12.4,22.6
v1792540861,New Brunswick,2021A000213,Men+,"Total, 18 years and over",Level of coordination between health care providers in the past 12 months - Very good or excellent,5.2.1.13.4,57.6
v1792540868,New Brunswick,2021A000213,Men+,"Total, 18 years and over",Level of coordination between health care providers in the past 12 months - Fair or poor,5.2.1.14.4,18.0
v1792540875,New Brunswick,2021A000213,Men+,"Total, 18 years and over",Experienced discrimination in a health care setting in the past 12 months,5.2.1.15.4,5.4
v1792540882,New Brunswick,2021A000213,Men+,"Total, 18 years and over",Had unmet health care needs in the past 12 months,5.2.1.16.4,21.8
v1792540889,New Brunswick,2021A000213,Men+,"Total, 18 years and over","Delayed or did not fill a prescription, or reduced or skipped doses of medication because of the cost in the past 12 months",5.2.1.17.4,11.1
v1792540896,New Brunswick,2021A000213,Men+,"Total, 18 years and over",Has insurance that covers all or part of the cost of prescription medications,5.2.1.18.4,82.5
v1792540903,New Brunswick,2021A000213,Men+,18 to 44 years,Has at least one chronic condition,5.2.2.1.4,28.8
v1792540910,New Brunswick,2021A000213,Men+,18 to 44 years,Perceived health - Very good or excellent,5.2.2.2.4,70.2
v1792540917,New Brunswick,2021A000213,Men+,18 to 44 years,Perceived health - Fair or poor,5.2.2.3.4,8.0
v1792540924,New Brunswick,2021A000213,Men+,18 to 44 years,Perceived mental health - Very good or excellent,5.2.2.4.4,52.9
v1792540931,New Brunswick,2021A000213,Men+,18 to 44 years,Perceived mental health - Fair or poor,5.2.2.5.4,18.8
v1792540938,New Brunswick,2021A000213,Men+,18 to 44 years,Has a regular health care provider,5.2.2.6.4,68.4
v1792540945,New Brunswick,2021A000213,Men+,18 to 44 years,Consulted a health care provider for a non-urgent primary health care need in the past 12 months,5.2.2.7.4,54.2
v1792540952,New Brunswick,2021A000213,Men+,18 to 44 years,Quality of consultation in the past 12 months - Very good or excellent,5.2.2.8.4,63.4
v1792540959,New Brunswick,2021A000213,Men+,18 to 44 years,Quality of consultation in the past 12 months - Fair or poor,5.2.2.9.4,16.1
v1792540966,New Brunswick,2021A000213,Men+,18 to 44 years,Experienced difficulties getting non-urgent primary health care in the past 12 months,5.2.2.10.4,33.6
v1792540973,New Brunswick,2021A000213,Men+,18 to 44 years,Consulted a medical specialist for an initial consultation in the past 12 months,5.2.2.11.4,18.6
v1792540980,New Brunswick,2021A000213,Men+,18 to 44 years,Experienced difficulties getting specialist care in the past 12 months,5.2.2.12.4,23.3
v1792541001,New Brunswick,2021A000213,Men+,18 to 44 years,Experienced discrimination in a health care setting in the past 12 months,5.2.2.15.4,6.3
v1792541008,New Brunswick,2021A000213,Men+,18 to 44 years,Had unmet health care needs in the past 12 months,5.2.2.16.4,26.8
v1792541015,New Brunswick,2021A000213,Men+,18 to 44 years,"Delayed or did not fill a prescription, or reduced or skipped doses of medication because of the cost in the past 12 months",5.2.2.17.4,17.0
v1792541022,New Brunswick,2021A000213,Men+,18 to 44 years,Has insurance that covers all or part of the cost of prescription medications,5.2.2.18.4,80.1
v1792541029,New Brunswick,2021A000213,Men+,45 to 64 years,Has at least one chronic condition,5.2.3.1.4,57.1
v1792541036,New Brunswick,2021A000213,Men+,45 to 64 years,Perceived health - Very good or excellent,5.2.3.2.4,44.8
v1792541043,New Brunswick,2021A000213,Men+,45 to 64 years,Perceived health - Fair or poor,5.2.3.3.4,16.5
v1792541050,New Brunswick,2021A000213,Men+,45 to 64 years,Perceived mental health - Very good or excellent,5.2.3.4.4,54.4
v1792541057,New Brunswick,2021A000213,Men+,45 to 64 years,Perceived mental health - Fair or poor,5.2.3.5.4,13.8
v1792541064,New Brunswick,2021A000213,Men+,45 to 64 years,Has a regular health care provider,5.2.3.6.4,77.5
v1792541071,New Brunswick,2021A000213,Men+,45 to 64 years,Consulted a health care provider for a non-urgent primary health care need in the past 12 months,5.2.3.7.4,74.0
v1792541078,New Brunswick,2021A000213,Men+,45 to 64 years,Quality of consultation in the past 12 months - Very good or excellent,5.2.3.8.4,75.3
v1792541085,New Brunswick,2021A000213,Men+,45 to 64 years,Quality of consultation in the past 12 months - Fair or poor,5.2.3.9.4,9.9
v1792541092,New Brunswick,2021A000213,Men+,45 to 64 years,Experienced difficulties getting non-urgent primary health care in the past 12 months,5.2.3.10.4,33.3
v1792541099,New Brunswick,2021A000213,Men+,45 to 64 years,Consulted a medical specialist for an initial consultation in the past 12 months,5.2.3.11.4,26.4
v1792541106,New Brunswick,2021A000213,Men+,45 to 64 years,Experienced difficulties getting specialist care in the past 12 months,5.2.3.12.4,24.0
v1792541113,New Brunswick,2021A000213,Men+,45 to 64 years,Level of coordination between health care providers in the past 12 months - Very good or excellent,5.2.3.13.4,56.4
v1792541120,New Brunswick,2021A000213,Men+,45 to 64 years,Level of coordination between health care providers in the past 12 months - Fair or poor,5.2.3.14.4,20.6
v1792541127,New Brunswick,2021A000213,Men+,45 to 64 years,Experienced discrimination in a health care setting in the past 12 months,5.2.3.15.4,6.2
v1792541134,New Brunswick,2021A000213,Men+,45 to 64 years,Had unmet health care needs in the past 12 months,5.2.3.16.4,23.9
v1792541141,New Brunswick,2021A000213,Men+,45 to 64 years,"Delayed or did not fill a prescription, or reduced or skipped doses of medication because of the cost in the past 12 months",5.2.3.17.4,10.1
v1792541148,New Brunswick,2021A000213,Men+,45 to 64 years,Has insurance that covers all or part of the cost of prescription medications,5.2.3.18.4,86.1
v1792541155,New Brunswick,2021A000213,Men+,65 years and over,Has at least one chronic condition,5.2.4.1.4,81.0
v1792541162,New Brunswick,2021A000213,Men+,65 years and over,Perceived health - Very good or excellent,5.2.4.2.4,36.7
v1792541169,New Brunswick,2021A000213,Men+,65 years and over,Perceived health - Fair or poor,5.2.4.3.4,28.2
v1792541176,New Brunswick,2021A000213,Men+,65 years and over,Perceived mental health - Very good or excellent,5.2.4.4.4,60.4
v1792541183,New Brunswick,2021A000213,Men+,65 years and over,Perceived mental health - Fair or poor,5.2.4.5.4,8.5
v1792541190,New Brunswick,2021A000213,Men+,65 years and over,Has a regular health care provider,5.2.4.6.4,89.6
v1792541197,New Brunswick,2021A000213,Men+,65 years and over,Consulted a health care provider for a non-urgent primary health care need in the past 12 months,5.2.4.7.4,80.1
v1792541204,New Brunswick,2021A000213,Men+,65 years and over,Quality of consultation in the past 12 months - Very good or excellent,5.2.4.8.4,80.8
v1792541211,New Brunswick,2021A000213,Men+,65 years and over,Quality of consultation in the past 12 months - Fair or poor,5.2.4.9.4,3.4
v1792541218,New Brunswick,2021A000213,Men+,65 years and over,Experienced difficulties getting non-urgent primary health care in the past 12 months,5.2.4.10.4,21.0
v1792541225,New Brunswick,2021A000213,Men+,65 years and over,Consulted a medical specialist for an initial consultation in the past 12 months,5.2.4.11.4,38.2
v1792541232,New Brunswick,2021A000213,Men+,65 years and over,Experienced difficulties getting specialist care in the past 12 months,5.2.4.12.4,19.7
v1792541239,New Brunswick,2021A000213,Men+,65 years and over,Level of coordination between health care providers in the past 12 months - Very good or excellent,5.2.4.13.4,67.4
v1792541246,New Brunswick,2021A000213,Men+,65 years and over,Level of coordination between health care providers in the past 12 months - Fair or poor,5.2.4.14.4,9.2
v1792541253,New Brunswick,2021A000213,Men+,65 years and over,Experienced discrimination in a health care setting in the past 12 months,5.2.4.15.4,3.7
v1792541260,New Brunswick,2021A000213,Men+,65 years and over,Had unmet health care needs in the past 12 months,5.2.4.16.4,11.4
v1792541267,New Brunswick,2021A000213,Men+,65 years and over,"Delayed or did not fill a prescription, or reduced or skipped doses of medication because of the cost in the past 12 months",5.2.4.17.4,6.7
v1792541274,New Brunswick,2021A000213,Men+,65 years and over,Has insurance that covers all or part of the cost of prescription medications,5.2.4.18.4,81.6
v1792541281,New Brunswick,2021A000213,Women+,"Total, 18 years and over",Has at least one chronic condition,5.3.1.1.4,59.8
v1792541288,New Brunswick,2021A000213,Women+,"Total, 18 years and over",Perceived health - Very good or excellent,5.3.1.2.4,44.2
v1792541295,New Brunswick,2021A000213,Women+,"Total, 18 years and over",Perceived health - Fair or poor,5.3.1.3.4,18.6
v1792541302,New Brunswick,2021A000213,Women+,"Total, 18 years and over",Perceived mental health - Very good or excellent,5.3.1.4.4,46.1
v1792541309,New Brunswick,2021A000213,Women+,"Total, 18 years and over",Perceived mental health - Fair or poor,5.3.1.5.4,16.6
v1792541316,New Brunswick,2021A000213,Women+,"Total, 18 years and over",Has a regular health care provider,5.3.1.6.4,81.4
v1792541323,New Brunswick,2021A000213,Women+,"Total, 18 years and over",Consulted a health care provider for a non-urgent primary health care need in the past 12 months,5.3.1.7.4,79.9
v1792541330,New Brunswick,2021A000213,Women+,"Total, 18 years and over",Quality of consultation in the past 12 months - Very good or excellent,5.3.1.8.4,74.6
v1792541337,New Brunswick,2021A000213,Women+,"Total, 18 years and over",Quality of consultation in the past 12 months - Fair or poor,5.3.1.9.4,7.7
v1792541344,New Brunswick,2021A000213,Women+,"Total, 18 years and over",Experienced difficulties getting non-urgent primary health care in the past 12 months,5.3.1.10.4,37.5
v1792541351,New Brunswick,2021A000213,Women+,"Total, 18 years and over",Consulted a medical specialist for an initial consultation in the past 12 months,5.3.1.11.4,31.7
v1792541358,New Brunswick,2021A000213,Women+,"Total, 18 years and over",Experienced difficulties getting specialist care in the past 12 months,5.3.1.12.4,28.9
v1792541365,New Brunswick,2021A000213,Women+,"Total, 18 years and over",Level of coordination between health care providers in the past 12 months - Very good or excellent,5.3.1.13.4,53.8
v1792541372,New Brunswick,2021A000213,Women+,"Total, 18 years and over",Level of coordination between health care providers in the past 12 months - Fair or poor,5.3.1.14.4,17.2
v1792541379,New Brunswick,2021A000213,Women+,"Total, 18 years and over",Experienced discrimination in a health care setting in the past 12 months,5.3.1.15.4,8.2
v1792541386,New Brunswick,2021A000213,Women+,"Total, 18 years and over",Had unmet health care needs in the past 12 months,5.3.1.16.4,24.4
v1792541393,New Brunswick,2021A000213,Women+,"Total, 18 years and over","Delayed or did not fill a prescription, or reduced or skipped doses of medication because of the cost in the past 12 months",5.3.1.17.4,11.7
v1792541400,New Brunswick,2021A000213,Women+,"Total, 18 years and over",Has insurance that covers all or part of the cost of prescription medications,5.3.1.18.4,83.7
v1792541407,New Brunswick,2021A000213,Women+,18 to 44 years,Has at least one chronic condition,5.3.2.1.4,41.9
v1792541414,New Brunswick,2021A000213,Women+,18 to 44 years,Perceived health - Very good or excellent,5.3.2.2.4,51.0
v1792541421,New Brunswick,2021A000213,Women+,18 to 44 years,Perceived health - Fair or poor,5.3.2.3.4,13.0
v1792541428,New Brunswick,2021A000213,Women+,18 to 44 years,Perceived mental health - Very good or excellent,5.3.2.4.4,39.7
v1792541435,New Brunswick,2021A000213,Women+,18 to 44 years,Perceived mental health - Fair or poor,5.3.2.5.4,23.9
v1792541442,New Brunswick,2021A000213,Women+,18 to 44 years,Has a regular health care provider,5.3.2.6.4,77.3
v1792541449,New Brunswick,2021A000213,Women+,18 to 44 years,Consulted a health care provider for a non-urgent primary health care need in the past 12 months,5.3.2.7.4,77.3
v1792541456,New Brunswick,2021A000213,Women+,18 to 44 years,Quality of consultation in the past 12 months - Very good or excellent,5.3.2.8.4,68.9
v1792541463,New Brunswick,2021A000213,Women+,18 to 44 years,Quality of consultation in the past 12 months - Fair or poor,5.3.2.9.4,10.7
v1792541470,New Brunswick,2021A000213,Women+,18 to 44 years,Experienced difficulties getting non-urgent primary health care in the past 12 months,5.3.2.10.4,45.0
v1792541477,New Brunswick,2021A000213,Women+,18 to 44 years,Consulted a medical specialist for an initial consultation in the past 12 months,5.3.2.11.4,29.4
v1792541484,New Brunswick,2021A000213,Women+,18 to 44 years,Experienced difficulties getting specialist care in the past 12 months,5.3.2.12.4,31.2
v1792541491,New Brunswick,2021A000213,Women+,18 to 44 years,Level of coordination between health care providers in the past 12 months - Very good or excellent,5.3.2.13.4,42.6
v1792541498,New Brunswick,2021A000213,Women+,18 to 44 years,Level of coordination between health care providers in the past 12 months - Fair or poor,5.3.2.14.4,25.9
v1792541505,New Brunswick,2021A000213,Women+,18 to 44 years,Experienced discrimination in a health care setting in the past 12 months,5.3.2.15.4,11.7
v1792541512,New Brunswick,2021A000213,Women+,18 to 44 years,Had unmet health care needs in the past 12 months,5.3.2.16.4,30.3
v1792541519,New Brunswick,2021A000213,Women+,18 to 44 years,"Delayed or did not fill a prescription, or reduced or skipped doses of medication because of the cost in the past 12 months",5.3.2.17.4,17.7
v1792541526,New Brunswick,2021A000213,Women+,18 to 44 years,Has insurance that covers all or part of the cost of prescription medications,5.3.2.18.4,83.6
v1792541533,New Brunswick,2021A000213,Women+,45 to 64 years,Has at least one chronic condition,5.3.3.1.4,61.8
v1792541540,New Brunswick,2021A000213,Women+,45 to 64 years,Perceived health - Very good or excellent,5.3.3.2.4,43.2
v1792541547,New Brunswick,2021A000213,Women+,45 to 64 years,Perceived health - Fair or poor,5.3.3.3.4,19.3
v1792541554,New Brunswick,2021A000213,Women+,45 to 64 years,Perceived mental health - Very good or excellent,5.3.3.4.4,46.4
v1792541561,New Brunswick,2021A000213,Women+,45 to 64 years,Perceived mental health - Fair or poor,5.3.3.5.4,14.4
v1792541568,New Brunswick,2021A000213,Women+,45 to 64 years,Has a regular health care provider,5.3.3.6.4,80.7
v1792541575,New Brunswick,2021A000213,Women+,45 to 64 years,Consulted a health care provider for a non-urgent primary health care need in the past 12 months,5.3.3.7.4,82.4
v1792541582,New Brunswick,2021A000213,Women+,45 to 64 years,Quality of consultation in the past 12 months - Very good or excellent,5.3.3.8.4,76.3
v1792541589,New Brunswick,2021A000213,Women+,45 to 64 years,Quality of consultation in the past 12 months - Fair or poor,5.3.3.9.4,6.9
v1792541596,New Brunswick,2021A000213,Women+,45 to 64 years,Experienced difficulties getting non-urgent primary health care in the past 12 months,5.3.3.10.4,36.2
v1792541603,New Brunswick,2021A000213,Women+,45 to 64 years,Consulted a medical specialist for an initial consultation in the past 12 months,5.3.3.11.4,30.6
v1792541610,New Brunswick,2021A000213,Women+,45 to 64 years,Experienced difficulties getting specialist care in the past 12 months,5.3.3.12.4,30.2
v1792541617,New Brunswick,2021A000213,Women+,45 to 64 years,Level of coordination between health care providers in the past 12 months - Very good or excellent,5.3.3.13.4,57.9
v1792541624,New Brunswick,2021A000213,Women+,45 to 64 years,Level of coordination between health care providers in the past 12 months - Fair or poor,5.3.3.14.4,16.5
v1792541631,New Brunswick,2021A000213,Women+,45 to 64 years,Experienced discrimination in a health care setting in the past 12 months,5.3.3.15.4,7.6
v1792541638,New Brunswick,2021A000213,Women+,45 to 64 years,Had unmet health care needs in the past 12 months,5.3.3.16.4,25.4
v1792541645,New Brunswick,2021A000213,Women+,45 to 64 years,"Delayed or did not fill a prescription, or reduced or skipped doses of medication because of the cost in the past 12 months",5.3.3.17.4,9.8
v1792541652,New Brunswick,2021A000213,Women+,45 to 64 years,Has insurance that covers all or part of the cost of prescription medications,5.3.3.18.4,84.9
v1792541659,New Brunswick,2021A000213,Women+,65 years and over,Has at least one chronic condition,5.3.4.1.4,81.3
v1792541666,New Brunswick,2021A000213,Women+,65 years and over,Perceived health - Very good or excellent,5.3.4.2.4,36.3
v1792541673,New Brunswick,2021A000213,Women+,65 years and over,Perceived health - Fair or poor,5.3.4.3.4,25.4
v1792541680,New Brunswick,2021A000213,Women+,65 years and over,Perceived mental health - Very good or excellent,5.3.4.4.4,54.4
v1792541687,New Brunswick,2021A000213,Women+,65 years and over,Perceived mental health - Fair or poor,5.3.4.5.4,9.4
v1792541694,New Brunswick,2021A000213,Women+,65 years and over,Has a regular health care provider,5.3.4.6.4,87.7
v1792541701,New Brunswick,2021A000213,Women+,65 years and over,Consulted a health care provider for a non-urgent primary health care need in the past 12 months,5.3.4.7.4,80.4
v1792541708,New Brunswick,2021A000213,Women+,65 years and over,Quality of consultation in the past 12 months - Very good or excellent,5.3.4.8.4,79.9
v1792541715,New Brunswick,2021A000213,Women+,65 years and over,Quality of consultation in the past 12 months - Fair or poor,5.3.4.9.4,4.7
v1792541722,New Brunswick,2021A000213,Women+,65 years and over,Experienced difficulties getting non-urgent primary health care in the past 12 months,5.3.4.10.4,28.5
v1792541729,New Brunswick,2021A000213,Women+,65 years and over,Consulted a medical specialist for an initial consultation in the past 12 months,5.3.4.11.4,36.2
v1792541736,New Brunswick,2021A000213,Women+,65 years and over,Experienced difficulties getting specialist care in the past 12 months,5.3.4.12.4,24.0
v1792541743,New Brunswick,2021A000213,Women+,65 years and over,Level of coordination between health care providers in the past 12 months - Very good or excellent,5.3.4.13.4,60.9
v1792541750,New Brunswick,2021A000213,Women+,65 years and over,Level of coordination between health care providers in the past 12 months - Fair or poor,5.3.4.14.4,9.0
v1792541757,New Brunswick,2021A000213,Women+,65 years and over,Experienced discrimination in a health care setting in the past 12 months,5.3.4.15.4,4.3
v1792541764,New Brunswick,2021A000213,Women+,65 years and over,Had unmet health care needs in the past 12 months,5.3.4.16.4,15.0
v1792541771,New Brunswick,2021A000213,Women+,65 years and over,"Delayed or did not fill a prescription, or reduced or skipped doses of medication because of the cost in the past 12 months",5.3.4.17.4,6.7
v1792541778,New Brunswick,2021A000213,Women+,65 years and over,Has insurance that covers all or part of the cost of prescription medications,5.3.4.18.4,82.5
v1792541785,Quebec,2021A000224,Both genders,"Total, 18 years and over",Has at least one chronic condition,6.1.1.1.4,49.7
v1792541792,Quebec,2021A000224,Both genders,"Total, 18 years and over",Perceived health - Very good or excellent,6.1.1.2.4,57.8
v1792541799,Quebec,2021A000224,Both genders,"Total, 18 years and over",Perceived health - Fair or poor,6.1.1.3.4,10.7
v1792541806,Quebec,2021A000224,Both genders,"Total, 18 years and over",Perceived mental health - Very good or excellent,6.1.1.4.4,65.2
v1792541813,Quebec,2021A000224,Both genders,"Total, 18 years and over",Perceived mental health - Fair or poor,6.1.1.5.4,8.1
v1792541820,Quebec,2021A000224,Both genders,"Total, 18 years and over",Has a regular health care provider,6.1.1.6.4,71.4
v1792541827,Quebec,2021A000224,Both genders,"Total, 18 years and over",Consulted a health care provider for a non-urgent primary health care need in the past 12 months,6.1.1.7.4,68.7
v1792541834,Quebec,2021A000224,Both genders,"Total, 18 years and over",Quality of consultation in the past 12 months - Very good or excellent,6.1.1.8.4,75.2
v1792541841,Quebec,2021A000224,Both genders,"Total, 18 years and over",Quality of consultation in the past 12 months - Fair or poor,6.1.1.9.4,8.6
v1792541848,Quebec,2021A000224,Both genders,"Total, 18 years and over",Experienced difficulties getting non-urgent primary health care in the past 12 months,6.1.1.10.4,37.5
v1792541855,Quebec,2021A000224,Both genders,"Total, 18 years and over",Consulted a medical specialist for an initial consultation in the past 12 months,6.1.1.11.4,33.7
v1792541862,Quebec,2021A000224,Both genders,"Total, 18 years and over",Experienced difficulties getting specialist care in the past 12 months,6.1.1.12.4,27.7
v1792541869,Quebec,2021A000224,Both genders,"Total, 18 years and over",Level of coordination between health care providers in the past 12 months - Very good or excellent,6.1.1.13.4,58.2
v1792541876,Quebec,2021A000224,Both genders,"Total, 18 years and over",Level of coordination between health care providers in the past 12 months - Fair or poor,6.1.1.14.4,18.3
v1792541883,Quebec,2021A000224,Both genders,"Total, 18 years and over",Experienced discrimination in a health care setting in the past 12 months,6.1.1.15.4,5.7
v1792541890,Quebec,2021A000224,Both genders,"Total, 18 years and over",Had unmet health care needs in the past 12 months,6.1.1.16.4,24.6
v1792541897,Quebec,2021A000224,Both genders,"Total, 18 years and over","Delayed or did not fill a prescription, or reduced or skipped doses of medication because of the cost in the past 12 months",6.1.1.17.4,9.9
v1792541904,Quebec,2021A000224,Both genders,"Total, 18 years and over",Has insurance that covers all or part of the cost of prescription medications,6.1.1.18.4,78.5
v1792541911,Quebec,2021A000224,Both genders,18 to 44 years,Has at least one chronic condition,6.1.2.1.4,31.9
v1792541918,Quebec,2021A000224,Both genders,18 to 44 years,Perceived health - Very good or excellent,6.1.2.2.4,66.7
v1792541925,Quebec,2021A000224,Both genders,18 to 44 years,Perceived health - Fair or poor,6.1.2.3.4,6.0
v1792541932,Quebec,2021A000224,Both genders,18 to 44 years,Perceived mental health - Very good or excellent,6.1.2.4.4,58.6
v1792541939,Quebec,2021A000224,Both genders,18 to 44 years,Perceived mental health - Fair or poor,6.1.2.5.4,11.7
v1792541946,Quebec,2021A000224,Both genders,18 to 44 years,Has a regular health care provider,6.1.2.6.4,61.5
v1792541953,Quebec,2021A000224,Both genders,18 to 44 years,Consulted a health care provider for a non-urgent primary health care need in the past 12 months,6.1.2.7.4,62.9
v1792541960,Quebec,2021A000224,Both genders,18 to 44 years,Quality of consultation in the past 12 months - Very good or excellent,6.1.2.8.4,71.1
v1792541967,Quebec,2021A000224,Both genders,18 to 44 years,Quality of consultation in the past 12 months - Fair or poor,6.1.2.9.4,11.5
v1792541974,Quebec,2021A000224,Both genders,18 to 44 years,Experienced difficulties getting non-urgent primary health care in the past 12 months,6.1.2.10.4,43.4
v1792541981,Quebec,2021A000224,Both genders,18 to 44 years,Consulted a medical specialist for an initial consultation in the past 12 months,6.1.2.11.4,26.9
v1792541988,Quebec,2021A000224,Both genders,18 to 44 years,Experienced difficulties getting specialist care in the past 12 months,6.1.2.12.4,29.8
v1792541995,Quebec,2021A000224,Both genders,18 to 44 years,Level of coordination between health care providers in the past 12 months - Very good or excellent,6.1.2.13.4,50.0
v1792542002,Quebec,2021A000224,Both genders,18 to 44 years,Level of coordination between health care providers in the past 12 months - Fair or poor,6.1.2.14.4,31.0
v1792542009,Quebec,2021A000224,Both genders,18 to 44 years,Experienced discrimination in a health care setting in the past 12 months,6.1.2.15.4,8.0
v1792542016,Quebec,2021A000224,Both genders,18 to 44 years,Had unmet health care needs in the past 12 months,6.1.2.16.4,30.1
v1792542023,Quebec,2021A000224,Both genders,18 to 44 years,"Delayed or did not fill a prescription, or reduced or skipped doses of medication because of the cost in the past 12 months",6.1.2.17.4,15.2
v1792542030,Quebec,2021A000224,Both genders,18 to 44 years,Has insurance that covers all or part of the cost of prescription medications,6.1.2.18.4,85.2
v1792542037,Quebec,2021A000224,Both genders,45 to 64 years,Has at least one chronic condition,6.1.3.1.4,52.6
v1792542044,Quebec,2021A000224,Both genders,45 to 64 years,Perceived health - Very good or excellent,6.1.3.2.4,57.0
v1792542051,Quebec,2021A000224,Both genders,45 to 64 years,Perceived health - Fair or poor,6.1.3.3.4,11.0
v1792542058,Quebec,2021A000224,Both genders,45 to 64 years,Perceived mental health - Very good or excellent,6.1.3.4.4,68.2
v1792542065,Quebec,2021A000224,Both genders,45 to 64 years,Perceived mental health - Fair or poor,6.1.3.5.4,5.8
v1792542072,Quebec,2021A000224,Both genders,45 to 64 years,Has a regular health care provider,6.1.3.6.4,76.9
v1792542079,Quebec,2021A000224,Both genders,45 to 64 years,Consulted a health care provider for a non-urgent primary health care need in the past 12 months,6.1.3.7.4,72.7
v1792542086,Quebec,2021A000224,Both genders,45 to 64 years,Quality of consultation in the past 12 months - Very good or excellent,6.1.3.8.4,74.5
v1792542093,Quebec,2021A000224,Both genders,45 to 64 years,Quality of consultation in the past 12 months - Fair or poor,6.1.3.9.4,8.5
v1792542100,Quebec,2021A000224,Both genders,45 to 64 years,Experienced difficulties getting non-urgent primary health care in the past 12 months,6.1.3.10.4,37.6
v1792542107,Quebec,2021A000224,Both genders,45 to 64 years,Consulted a medical specialist for an initial consultation in the past 12 months,6.1.3.11.4,36.0
v1792542114,Quebec,2021A000224,Both genders,45 to 64 years,Experienced difficulties getting specialist care in the past 12 months,6.1.3.12.4,30.7
v1792542121,Quebec,2021A000224,Both genders,45 to 64 years,Level of coordination between health care providers in the past 12 months - Very good or excellent,6.1.3.13.4,58.2
v1792542128,Quebec,2021A000224,Both genders,45 to 64 years,Level of coordination between health care providers in the past 12 months - Fair or poor,6.1.3.14.4,18.4
v1792542135,Quebec,2021A000224,Both genders,45 to 64 years,Experienced discrimination in a health care setting in the past 12 months,6.1.3.15.4,5.4
v1792542142,Quebec,2021A000224,Both genders,45 to 64 years,Had unmet health care needs in the past 12 months,6.1.3.16.4,25.1
v1792542149,Quebec,2021A000224,Both genders,45 to 64 years,"Delayed or did not fill a prescription, or reduced or skipped doses of medication because of the cost in the past 12 months",6.1.3.17.4,8.1
v1792542156,Quebec,2021A000224,Both genders,45 to 64 years,Has insurance that covers all or part of the cost of prescription medications,6.1.3.18.4,82.5
v1792542163,Quebec,2021A000224,Both genders,65 years and over,Has at least one chronic condition,6.1.4.1.4,75.1
v1792542170,Quebec,2021A000224,Both genders,65 years and over,Perceived health - Very good or excellent,6.1.4.2.4,44.0
v1792542177,Quebec,2021A000224,Both genders,65 years and over,Perceived health - Fair or poor,6.1.4.3.4,18.1
v1792542184,Quebec,2021A000224,Both genders,65 years and over,Perceived mental health - Very good or excellent,6.1.4.4.4,72.7
v1792542191,Quebec,2021A000224,Both genders,65 years and over,Perceived mental health - Fair or poor,6.1.4.5.4,5.0
v1792542198,Quebec,2021A000224,Both genders,65 years and over,Has a regular health care provider,6.1.4.6.4,81.3
v1792542205,Quebec,2021A000224,Both genders,65 years and over,Consulted a health care provider for a non-urgent primary health care need in the past 12 months,6.1.4.7.4,73.3
v1792542212,Quebec,2021A000224,Both genders,65 years and over,Quality of consultation in the past 12 months - Very good or excellent,6.1.4.8.4,82.1
v1792542219,Quebec,2021A000224,Both genders,65 years and over,Quality of consultation in the past 12 months - Fair or poor,6.1.4.9.4,4.6
v1792542226,Quebec,2021A000224,Both genders,65 years and over,Experienced difficulties getting non-urgent primary health care in the past 12 months,6.1.4.10.4,27.3
v1792542233,Quebec,2021A000224,Both genders,65 years and over,Consulted a medical specialist for an initial consultation in the past 12 months,6.1.4.11.4,42.3
v1792542240,Quebec,2021A000224,Both genders,65 years and over,Experienced difficulties getting specialist care in the past 12 months,6.1.4.12.4,20.6
v1792542247,Quebec,2021A000224,Both genders,65 years and over,Level of coordination between health care providers in the past 12 months - Very good or excellent,6.1.4.13.4,65.6
v1792542254,Quebec,2021A000224,Both genders,65 years and over,Level of coordination between health care providers in the past 12 months - Fair or poor,6.1.4.14.4,6.8
v1792542261,Quebec,2021A000224,Both genders,65 years and over,Experienced discrimination in a health care setting in the past 12 months,6.1.4.15.4,2.9
v1792542268,Quebec,2021A000224,Both genders,65 years and over,Had unmet health care needs in the past 12 months,6.1.4.16.4,14.5
v1792542275,Quebec,2021A000224,Both genders,65 years and over,"Delayed or did not fill a prescription, or reduced or skipped doses of medication because of the cost in the past 12 months",6.1.4.17.4,5.1
v1792542282,Quebec,2021A000224,Both genders,65 years and over,Has insurance that covers all or part of the cost of prescription medications,6.1.4.18.4,62.5
v1792542289,Quebec,2021A000224,Men+,"Total, 18 years and over",Has at least one chronic condition,6.2.1.1.4,44.3
v1792542296,Quebec,2021A000224,Men+,"Total, 18 years and over",Perceived health - Very good or excellent,6.2.1.2.4,60.7
v1792542303,Quebec,2021A000224,Men+,"Total, 18 years and over",Perceived health - Fair or poor,6.2.1.3.4,9.9
v1792542310,Quebec,2021A000224,Men+,"Total, 18 years and over",Perceived mental health - Very good or excellent,6.2.1.4.4,70.5
v1792542317,Quebec,2021A000224,Men+,"Total, 18 years and over",Perceived mental health - Fair or poor,6.2.1.5.4,6.3
v1792542324,Quebec,2021A000224,Men+,"Total, 18 years and over",Has a regular health care provider,6.2.1.6.4,66.5
v1792542331,Quebec,2021A000224,Men+,"Total, 18 years and over",Consulted a health care provider for a non-urgent primary health care need in the past 12 months,6.2.1.7.4,60.7
v1792542338,Quebec,2021A000224,Men+,"Total, 18 years and over",Quality of consultation in the past 12 months - Very good or excellent,6.2.1.8.4,74.4
v1792542345,Quebec,2021A000224,Men+,"Total, 18 years and over",Quality of consultation in the past 12 months - Fair or poor,6.2.1.9.4,8.5
v1792542352,Quebec,2021A000224,Men+,"Total, 18 years and over",Experienced difficulties getting non-urgent primary health care in the past 12 months,6.2.1.10.4,32.8
v1792542359,Quebec,2021A000224,Men+,"Total, 18 years and over",Consulted a medical specialist for an initial consultation in the past 12 months,6.2.1.11.4,30.5
v1792542366,Quebec,2021A000224,Men+,"Total, 18 years and over",Experienced difficulties getting specialist care in the past 12 months,6.2.1.12.4,24.6
v1792542373,Quebec,2021A000224,Men+,"Total, 18 years and over",Level of coordination between health care providers in the past 12 months - Very good or excellent,6.2.1.13.4,61.0
v1792542380,Quebec,2021A000224,Men+,"Total, 18 years and over",Level of coordination between health care providers in the past 12 months - Fair or poor,6.2.1.14.4,16.3
v1792542387,Quebec,2021A000224,Men+,"Total, 18 years and over",Experienced discrimination in a health care setting in the past 12 months,6.2.1.15.4,3.1
v1792542394,Quebec,2021A000224,Men+,"Total, 18 years and over",Had unmet health care needs in the past 12 months,6.2.1.16.4,20.4
v1792542401,Quebec,2021A000224,Men+,"Total, 18 years and over","Delayed or did not fill a prescription, or reduced or skipped doses of medication because of the cost in the past 12 months",6.2.1.17.4,7.0
v1792542408,Quebec,2021A000224,Men+,"Total, 18 years and over",Has insurance that covers all or part of the cost of prescription medications,6.2.1.18.4,77.8
v1792542415,Quebec,2021A000224,Men+,18 to 44 years,Has at least one chronic condition,6.2.2.1.4,24.5
v1792542422,Quebec,2021A000224,Men+,18 to 44 years,Perceived health - Very good or excellent,6.2.2.2.4,68.5
v1792542429,Quebec,2021A000224,Men+,18 to 44 years,Perceived health - Fair or poor,6.2.2.3.4,5.6
v1792542436,Quebec,2021A000224,Men+,18 to 44 years,Perceived mental health - Very good or excellent,6.2.2.4.4,67.1
v1792542443,Quebec,2021A000224,Men+,18 to 44 years,Perceived mental health - Fair or poor,6.2.2.5.4,7.7
v1792542450,Quebec,2021A000224,Men+,18 to 44 years,Has a regular health care provider,6.2.2.6.4,54.2
v1792542457,Quebec,2021A000224,Men+,18 to 44 years,Consulted a health care provider for a non-urgent primary health care need in the past 12 months,6.2.2.7.4,50.6
v1792542464,Quebec,2021A000224,Men+,18 to 44 years,Quality of consultation in the past 12 months - Very good or excellent,6.2.2.8.4,65.0
v1792542471,Quebec,2021A000224,Men+,18 to 44 years,Quality of consultation in the past 12 months - Fair or poor,6.2.2.9.4,12.8
v1792542478,Quebec,2021A000224,Men+,18 to 44 years,Experienced difficulties getting non-urgent primary health care in the past 12 months,6.2.2.10.4,36.9
v1792542485,Quebec,2021A000224,Men+,18 to 44 years,Consulted a medical specialist for an initial consultation in the past 12 months,6.2.2.11.4,21.5
v1792542492,Quebec,2021A000224,Men+,18 to 44 years,Experienced difficulties getting specialist care in the past 12 months,6.2.2.12.4,26.7
v1792542520,Quebec,2021A000224,Men+,18 to 44 years,Had unmet health care needs in the past 12 months,6.2.2.16.4,25.1
v1792542527,Quebec,2021A000224,Men+,18 to 44 years,"Delayed or did not fill a prescription, or reduced or skipped doses of medication because of the cost in the past 12 months",6.2.2.17.4,9.8
v1792542534,Quebec,2021A000224,Men+,18 to 44 years,Has insurance that covers all or part of the cost of prescription medications,6.2.2.18.4,83.1
v1792542541,Quebec,2021A000224,Men+,45 to 64 years,Has at least one chronic condition,6.2.3.1.4,49.5
v1792542548,Quebec,2021A000224,Men+,45 to 64 years,Perceived health - Very good or excellent,6.2.3.2.4,62.2
v1792542555,Quebec,2021A000224,Men+,45 to 64 years,Perceived health - Fair or poor,6.2.3.3.4,10.2
v1792542562,Quebec,2021A000224,Men+,45 to 64 years,Perceived mental health - Very good or excellent,6.2.3.4.4,71.5
v1792542569,Quebec,2021A000224,Men+,45 to 64 years,Perceived mental health - Fair or poor,6.2.3.5.4,5.1
v1792542576,Quebec,2021A000224,Men+,45 to 64 years,Has a regular health care provider,6.2.3.6.4,74.0
v1792542583,Quebec,2021A000224,Men+,45 to 64 years,Consulted a health care provider for a non-urgent primary health care need in the past 12 months,6.2.3.7.4,66.2
v1792542590,Quebec,2021A000224,Men+,45 to 64 years,Quality of consultation in the past 12 months - Very good or excellent,6.2.3.8.4,77.2
v1792542597,Quebec,2021A000224,Men+,45 to 64 years,Quality of consultation in the past 12 months - Fair or poor,6.2.3.9.4,8.0
v1792542604,Quebec,2021A000224,Men+,45 to 64 years,Experienced difficulties getting non-urgent primary health care in the past 12 months,6.2.3.10.4,33.1
v1792542611,Quebec,2021A000224,Men+,45 to 64 years,Consulted a medical specialist for an initial consultation in the past 12 months,6.2.3.11.4,31.3
v1792542618,Quebec,2021A000224,Men+,45 to 64 years,Experienced difficulties getting specialist care in the past 12 months,6.2.3.12.4,25.2
v1792542625,Quebec,2021A000224,Men+,45 to 64 years,Level of coordination between health care providers in the past 12 months - Very good or excellent,6.2.3.13.4,64.2
v1792542632,Quebec,2021A000224,Men+,45 to 64 years,Level of coordination between health care providers in the past 12 months - Fair or poor,6.2.3.14.4,11.9
v1792542639,Quebec,2021A000224,Men+,45 to 64 years,Experienced discrimination in a health care setting in the past 12 months,6.2.3.15.4,2.9
v1792542646,Quebec,2021A000224,Men+,45 to 64 years,Had unmet health care needs in the past 12 months,6.2.3.16.4,21.3
v1792542653,Quebec,2021A000224,Men+,45 to 64 years,"Delayed or did not fill a prescription, or reduced or skipped doses of medication because of the cost in the past 12 months",6.2.3.17.4,7.1
v1792542660,Quebec,2021A000224,Men+,45 to 64 years,Has insurance that covers all or part of the cost of prescription medications,6.2.3.18.4,83.2
v1792542667,Quebec,2021A000224,Men+,65 years and over,Has at least one chronic condition,6.2.4.1.4,72.6
v1792542674,Quebec,2021A000224,Men+,65 years and over,Perceived health - Very good or excellent,6.2.4.2.4,44.3
v1792542681,Quebec,2021A000224,Men+,65 years and over,Perceived health - Fair or poor,6.2.4.3.4,17.5
v1792542688,Quebec,2021A000224,Men+,65 years and over,Perceived mental health - Very good or excellent,6.2.4.4.4,75.4
v1792542695,Quebec,2021A000224,Men+,65 years and over,Perceived mental health - Fair or poor,6.2.4.5.4,5.3
v1792542702,Quebec,2021A000224,Men+,65 years and over,Has a regular health care provider,6.2.4.6.4,78.8
v1792542709,Quebec,2021A000224,Men+,65 years and over,Consulted a health care provider for a non-urgent primary health care need in the past 12 months,6.2.4.7.4,71.8
v1792542716,Quebec,2021A000224,Men+,65 years and over,Quality of consultation in the past 12 months - Very good or excellent,6.2.4.8.4,83.1
v1792542723,Quebec,2021A000224,Men+,65 years and over,Quality of consultation in the past 12 months - Fair or poor,6.2.4.9.4,3.5
v1792542730,Quebec,2021A000224,Men+,65 years and over,Experienced difficulties getting non-urgent primary health care in the past 12 months,6.2.4.10.4,24.9
v1792542737,Quebec,2021A000224,Men+,65 years and over,Consulted a medical specialist for an initial consultation in the past 12 months,6.2.4.11.4,46.3
v1792542744,Quebec,2021A000224,Men+,65 years and over,Experienced difficulties getting specialist care in the past 12 months,6.2.4.12.4,20.2
v1792542751,Quebec,2021A000224,Men+,65 years and over,Level of coordination between health care providers in the past 12 months - Very good or excellent,6.2.4.13.4,64.6
v1792542758,Quebec,2021A000224,Men+,65 years and over,Level of coordination between health care providers in the past 12 months - Fair or poor,6.2.4.14.4,9.4
v1792542765,Quebec,2021A000224,Men+,65 years and over,Experienced discrimination in a health care setting in the past 12 months,6.2.4.15.4,3.0
v1792542772,Quebec,2021A000224,Men+,65 years and over,Had unmet health care needs in the past 12 months,6.2.4.16.4,10.4
v1792542779,Quebec,2021A000224,Men+,65 years and over,"Delayed or did not fill a prescription, or reduced or skipped doses of medication because of the cost in the past 12 months",6.2.4.17.4,3.8
v1792542786,Quebec,2021A000224,Men+,65 years and over,Has insurance that covers all or part of the cost of prescription medications,6.2.4.18.4,60.7
v1792542793,Quebec,2021A000224,Women+,"Total, 18 years and over",Has at least one chronic condition,6.3.1.1.4,55.2
v1792542800,Quebec,2021A000224,Women+,"Total, 18 years and over",Perceived health - Very good or excellent,6.3.1.2.4,55.0
v1792542807,Quebec,2021A000224,Women+,"Total, 18 years and over",Perceived health - Fair or poor,6.3.1.3.4,11.4
v1792542814,Quebec,2021A000224,Women+,"Total, 18 years and over",Perceived mental health - Very good or excellent,6.3.1.4.4,60.0
v1792542821,Quebec,2021A000224,Women+,"Total, 18 years and over",Perceived mental health - Fair or poor,6.3.1.5.4,10.0
v1792542828,Quebec,2021A000224,Women+,"Total, 18 years and over",Has a regular health care provider,6.3.1.6.4,76.4
v1792542835,Quebec,2021A000224,Women+,"Total, 18 years and over",Consulted a health care provider for a non-urgent primary health care need in the past 12 months,6.3.1.7.4,76.6
v1792542842,Quebec,2021A000224,Women+,"Total, 18 years and over",Quality of consultation in the past 12 months - Very good or excellent,6.3.1.8.4,75.8
v1792542849,Quebec,2021A000224,Women+,"Total, 18 years and over",Quality of consultation in the past 12 months - Fair or poor,6.3.1.9.4,8.7
v1792542856,Quebec,2021A000224,Women+,"Total, 18 years and over",Experienced difficulties getting non-urgent primary health care in the past 12 months,6.3.1.10.4,42.1
v1792542863,Quebec,2021A000224,Women+,"Total, 18 years and over",Consulted a medical specialist for an initial consultation in the past 12 months,6.3.1.11.4,36.8
v1792542870,Quebec,2021A000224,Women+,"Total, 18 years and over",Experienced difficulties getting specialist care in the past 12 months,6.3.1.12.4,30.9
v1792542877,Quebec,2021A000224,Women+,"Total, 18 years and over",Level of coordination between health care providers in the past 12 months - Very good or excellent,6.3.1.13.4,56.1
v1792542884,Quebec,2021A000224,Women+,"Total, 18 years and over",Level of coordination between health care providers in the past 12 months - Fair or poor,6.3.1.14.4,19.9
v1792542891,Quebec,2021A000224,Women+,"Total, 18 years and over",Experienced discrimination in a health care setting in the past 12 months,6.3.1.15.4,7.9
v1792542898,Quebec,2021A000224,Women+,"Total, 18 years and over",Had unmet health care needs in the past 12 months,6.3.1.16.4,28.8
v1792542905,Quebec,2021A000224,Women+,"Total, 18 years and over","Delayed or did not fill a prescription, or reduced or skipped doses of medication because of the cost in the past 12 months",6.3.1.17.4,12.1
v1792542912,Quebec,2021A000224,Women+,"Total, 18 years and over",Has insurance that covers all or part of the cost of prescription medications,6.3.1.18.4,79.3
v1792542919,Quebec,2021A000224,Women+,18 to 44 years,Has at least one chronic condition,6.3.2.1.4,39.8
v1792542926,Quebec,2021A000224,Women+,18 to 44 years,Perceived health - Very good or excellent,6.3.2.2.4,64.8
v1792542933,Quebec,2021A000224,Women+,18 to 44 years,Perceived health - Fair or poor,6.3.2.3.4,6.4
v1792542940,Quebec,2021A000224,Women+,18 to 44 years,Perceived mental health - Very good or excellent,6.3.2.4.4,49.6
v1792542947,Quebec,2021A000224,Women+,18 to 44 years,Perceived mental health - Fair or poor,6.3.2.5.4,15.9
v1792542954,Quebec,2021A000224,Women+,18 to 44 years,Has a regular health care provider,6.3.2.6.4,69.3
v1792542961,Quebec,2021A000224,Women+,18 to 44 years,Consulted a health care provider for a non-urgent primary health care need in the past 12 months,6.3.2.7.4,75.9
v1792542968,Quebec,2021A000224,Women+,18 to 44 years,Quality of consultation in the past 12 months - Very good or excellent,6.3.2.8.4,75.4
v1792542975,Quebec,2021A000224,Women+,18 to 44 years,Quality of consultation in the past 12 months - Fair or poor,6.3.2.9.4,10.6
v1792542982,Quebec,2021A000224,Women+,18 to 44 years,Experienced difficulties getting non-urgent primary health care in the past 12 months,6.3.2.10.4,50.2
v1792542989,Quebec,2021A000224,Women+,18 to 44 years,Consulted a medical specialist for an initial consultation in the past 12 months,6.3.2.11.4,32.6
v1792542996,Quebec,2021A000224,Women+,18 to 44 years,Experienced difficulties getting specialist care in the past 12 months,6.3.2.12.4,33.1
v1792543003,Quebec,2021A000224,Women+,18 to 44 years,Level of coordination between health care providers in the past 12 months - Very good or excellent,6.3.2.13.4,48.5
v1792543010,Quebec,2021A000224,Women+,18 to 44 years,Level of coordination between health care providers in the past 12 months - Fair or poor,6.3.2.14.4,31.2
v1792543017,Quebec,2021A000224,Women+,18 to 44 years,Experienced discrimination in a health care setting in the past 12 months,6.3.2.15.4,11.7
v1792543024,Quebec,2021A000224,Women+,18 to 44 years,Had unmet health care needs in the past 12 months,6.3.2.16.4,35.5
v1792543031,Quebec,2021A000224,Women+,18 to 44 years,"Delayed or did not fill a prescription, or reduced or skipped doses of medication because of the cost in the past 12 months",6.3.2.17.4,18.8
v1792543038,Quebec,2021A000224,Women+,18 to 44 years,Has insurance that covers all or part of the cost of prescription medications,6.3.2.18.4,87.5
v1792543045,Quebec,2021A000224,Women+,45 to 64 years,Has at least one chronic condition,6.3.3.1.4,55.9
v1792543052,Quebec,2021A000224,Women+,45 to 64 years,Perceived health - Very good or excellent,6.3.3.2.4,51.6
v1792543059,Quebec,2021A000224,Women+,45 to 64 years,Perceived health - Fair or poor,6.3.3.3.4,11.8
v1792543066,Quebec,2021A000224,Women+,45 to 64 years,Perceived mental health - Very good or excellent,6.3.3.4.4,64.9
v1792543073,Quebec,2021A000224,Women+,45 to 64 years,Perceived mental health - Fair or poor,6.3.3.5.4,6.5
v1792543080,Quebec,2021A000224,Women+,45 to 64 years,Has a regular health care provider,6.3.3.6.4,79.8
v1792543087,Quebec,2021A000224,Women+,45 to 64 years,Consulted a health care provider for a non-urgent primary health care need in the past 12 months,6.3.3.7.4,79.3
v1792543094,Quebec,2021A000224,Women+,45 to 64 years,Quality of consultation in the past 12 months - Very good or excellent,6.3.3.8.4,72.2
v1792543101,Quebec,2021A000224,Women+,45 to 64 years,Quality of consultation in the past 12 months - Fair or poor,6.3.3.9.4,8.9
v1792543108,Quebec,2021A000224,Women+,45 to 64 years,Experienced difficulties getting non-urgent primary health care in the past 12 months,6.3.3.10.4,42.0
v1792543115,Quebec,2021A000224,Women+,45 to 64 years,Consulted a medical specialist for an initial consultation in the past 12 months,6.3.3.11.4,40.7
v1792543122,Quebec,2021A000224,Women+,45 to 64 years,Experienced difficulties getting specialist care in the past 12 months,6.3.3.12.4,36.4
v1792543129,Quebec,2021A000224,Women+,45 to 64 years,Level of coordination between health care providers in the past 12 months - Very good or excellent,6.3.3.13.4,53.8
v1792543136,Quebec,2021A000224,Women+,45 to 64 years,Level of coordination between health care providers in the past 12 months - Fair or poor,6.3.3.14.4,23.2
v1792543143,Quebec,2021A000224,Women+,45 to 64 years,Experienced discrimination in a health care setting in the past 12 months,6.3.3.15.4,7.6
v1792543150,Quebec,2021A000224,Women+,45 to 64 years,Had unmet health care needs in the past 12 months,6.3.3.16.4,29.0
v1792543157,Quebec,2021A000224,Women+,45 to 64 years,"Delayed or did not fill a prescription, or reduced or skipped doses of medication because of the cost in the past 12 months",6.3.3.17.4,9.0
v1792543164,Quebec,2021A000224,Women+,45 to 64 years,Has insurance that covers all or part of the cost of prescription medications,6.3.3.18.4,81.8
v1792543171,Quebec,2021A000224,Women+,65 years and over,Has at least one chronic condition,6.3.4.1.4,77.5
v1792543178,Quebec,2021A000224,Women+,65 years and over,Perceived health - Very good or excellent,6.3.4.2.4,43.7
v1792543185,Quebec,2021A000224,Women+,65 years and over,Perceived health - Fair or poor,6.3.4.3.4,18.5
v1792543192,Quebec,2021A000224,Women+,65 years and over,Perceived mental health - Very good or excellent,6.3.4.4.4,70.3
v1792543199,Quebec,2021A000224,Women+,65 years and over,Perceived mental health - Fair or poor,6.3.4.5.4,4.7
v1792543206,Quebec,2021A000224,Women+,65 years and over,Has a regular health care provider,6.3.4.6.4,83.5
v1792543213,Quebec,2021A000224,Women+,65 years and over,Consulted a health care provider for a non-urgent primary health care need in the past 12 months,6.3.4.7.4,74.6
v1792543220,Quebec,2021A000224,Women+,65 years and over,Quality of consultation in the past 12 months - Very good or excellent,6.3.4.8.4,81.2
v1792543227,Quebec,2021A000224,Women+,65 years and over,Quality of consultation in the past 12 months - Fair or poor,6.3.4.9.4,5.5
v1792543234,Quebec,2021A000224,Women+,65 years and over,Experienced difficulties getting non-urgent primary health care in the past 12 months,6.3.4.10.4,29.4
v1792543241,Quebec,2021A000224,Women+,65 years and over,Consulted a medical specialist for an initial consultation in the past 12 months,6.3.4.11.4,38.8
v1792543248,Quebec,2021A000224,Women+,65 years and over,Experienced difficulties getting specialist care in the past 12 months,6.3.4.12.4,21.0
v1792543255,Quebec,2021A000224,Women+,65 years and over,Level of coordination between health care providers in the past 12 months - Very good or excellent,6.3.4.13.4,66.4
v1792543269,Quebec,2021A000224,Women+,65 years and over,Experienced discrimination in a health care setting in the past 12 months,6.3.4.15.4,2.8
v1792543276,Quebec,2021A000224,Women+,65 years and over,Had unmet health care needs in the past 12 months,6.3.4.16.4,18.1
v1792543283,Quebec,2021A000224,Women+,65 years and over,"Delayed or did not fill a prescription, or reduced or skipped doses of medication because of the cost in the past 12 months",6.3.4.17.4,6.3
v1792543290,Quebec,2021A000224,Women+,65 years and over,Has insurance that covers all or part of the cost of prescription medications,6.3.4.18.4,64.0
v1792543297,Ontario,2021A000235,Both genders,"Total, 18 years and over",Has at least one chronic condition,7.1.1.1.4,51.4
v1792543304,Ontario,2021A000235,Both genders,"Total, 18 years and over",Perceived health - Very good or excellent,7.1.1.2.4,50.5
v1792543311,Ontario,2021A000235,Both genders,"Total, 18 years and over",Perceived health - Fair or poor,7.1.1.3.4,14.9
v1792543318,Ontario,2021A000235,Both genders,"Total, 18 years and over",Perceived mental health - Very good or excellent,7.1.1.4.4,49.9
v1792543325,Ontario,2021A000235,Both genders,"Total, 18 years and over",Perceived mental health - Fair or poor,7.1.1.5.4,17.8
v1792543332,Ontario,2021A000235,Both genders,"Total, 18 years and over",Has a regular health care provider,7.1.1.6.4,86.4
v1792543339,Ontario,2021A000235,Both genders,"Total, 18 years and over",Consulted a health care provider for a non-urgent primary health care need in the past 12 months,7.1.1.7.4,75.7
v1792543346,Ontario,2021A000235,Both genders,"Total, 18 years and over",Quality of consultation in the past 12 months - Very good or excellent,7.1.1.8.4,68.6
v1792543353,Ontario,2021A000235,Both genders,"Total, 18 years and over",Quality of consultation in the past 12 months - Fair or poor,7.1.1.9.4,11.1
v1792543360,Ontario,2021A000235,Both genders,"Total, 18 years and over",Experienced difficulties getting non-urgent primary health care in the past 12 months,7.1.1.10.4,37.9
v1792543367,Ontario,2021A000235,Both genders,"Total, 18 years and over",Consulted a medical specialist for an initial consultation in the past 12 months,7.1.1.11.4,36.2
v1792543374,Ontario,2021A000235,Both genders,"Total, 18 years and over",Experienced difficulties getting specialist care in the past 12 months,7.1.1.12.4,30.0
v1792543381,Ontario,2021A000235,Both genders,"Total, 18 years and over",Level of coordination between health care providers in the past 12 months - Very good or excellent,7.1.1.13.4,53.5
v1792543388,Ontario,2021A000235,Both genders,"Total, 18 years and over",Level of coordination between health care providers in the past 12 months - Fair or poor,7.1.1.14.4,22.9
v1792543395,Ontario,2021A000235,Both genders,"Total, 18 years and over",Experienced discrimination in a health care setting in the past 12 months,7.1.1.15.4,8.2
v1792543402,Ontario,2021A000235,Both genders,"Total, 18 years and over",Had unmet health care needs in the past 12 months,7.1.1.16.4,21.2
v1792543409,Ontario,2021A000235,Both genders,"Total, 18 years and over","Delayed or did not fill a prescription, or reduced or skipped doses of medication because of the cost in the past 12 months",7.1.1.17.4,14.2
v1792543416,Ontario,2021A000235,Both genders,"Total, 18 years and over",Has insurance that covers all or part of the cost of prescription medications,7.1.1.18.4,74.9
v1792543423,Ontario,2021A000235,Both genders,18 to 44 years,Has at least one chronic condition,7.1.2.1.4,36.1
v1792543430,Ontario,2021A000235,Both genders,18 to 44 years,Perceived health - Very good or excellent,7.1.2.2.4,57.4
v1792543437,Ontario,2021A000235,Both genders,18 to 44 years,Perceived health - Fair or poor,7.1.2.3.4,10.7
v1792543444,Ontario,2021A000235,Both genders,18 to 44 years,Perceived mental health - Very good or excellent,7.1.2.4.4,45.2
v1792543451,Ontario,2021A000235,Both genders,18 to 44 years,Perceived mental health - Fair or poor,7.1.2.5.4,23.7
v1792543458,Ontario,2021A000235,Both genders,18 to 44 years,Has a regular health care provider,7.1.2.6.4,81.6
v1792543465,Ontario,2021A000235,Both genders,18 to 44 years,Consulted a health care provider for a non-urgent primary health care need in the past 12 months,7.1.2.7.4,69.5
v1792543472,Ontario,2021A000235,Both genders,18 to 44 years,Quality of consultation in the past 12 months - Very good or excellent,7.1.2.8.4,62.3
v1792543479,Ontario,2021A000235,Both genders,18 to 44 years,Quality of consultation in the past 12 months - Fair or poor,7.1.2.9.4,15.6
v1792543486,Ontario,2021A000235,Both genders,18 to 44 years,Experienced difficulties getting non-urgent primary health care in the past 12 months,7.1.2.10.4,44.2
v1792543493,Ontario,2021A000235,Both genders,18 to 44 years,Consulted a medical specialist for an initial consultation in the past 12 months,7.1.2.11.4,30.5
v1792543500,Ontario,2021A000235,Both genders,18 to 44 years,Experienced difficulties getting specialist care in the past 12 months,7.1.2.12.4,32.7
v1792543507,Ontario,2021A000235,Both genders,18 to 44 years,Level of coordination between health care providers in the past 12 months - Very good or excellent,7.1.2.13.4,44.3
v1792543514,Ontario,2021A000235,Both genders,18 to 44 years,Level of coordination between health care providers in the past 12 months - Fair or poor,7.1.2.14.4,32.2
v1792543521,Ontario,2021A000235,Both genders,18 to 44 years,Experienced discrimination in a health care setting in the past 12 months,7.1.2.15.4,11.1
v1792543528,Ontario,2021A000235,Both genders,18 to 44 years,Had unmet health care needs in the past 12 months,7.1.2.16.4,26.8
v1792543535,Ontario,2021A000235,Both genders,18 to 44 years,"Delayed or did not fill a prescription, or reduced or skipped doses of medication because of the cost in the past 12 months",7.1.2.17.4,18.7
v1792543542,Ontario,2021A000235,Both genders,18 to 44 years,Has insurance that covers all or part of the cost of prescription medications,7.1.2.18.4,76.7
v1792543549,Ontario,2021A000235,Both genders,45 to 64 years,Has at least one chronic condition,7.1.3.1.4,54.9
v1792543556,Ontario,2021A000235,Both genders,45 to 64 years,Perceived health - Very good or excellent,7.1.3.2.4,49.5
v1792543563,Ontario,2021A000235,Both genders,45 to 64 years,Perceived health - Fair or poor,7.1.3.3.4,15.6
v1792543570,Ontario,2021A000235,Both genders,45 to 64 years,Perceived mental health - Very good or excellent,7.1.3.4.4,52.6
v1792543577,Ontario,2021A000235,Both genders,45 to 64 years,Perceived mental health - Fair or poor,7.1.3.5.4,13.8
v1792543584,Ontario,2021A000235,Both genders,45 to 64 years,Has a regular health care provider,7.1.3.6.4,89.3
v1792543591,Ontario,2021A000235,Both genders,45 to 64 years,Consulted a health care provider for a non-urgent primary health care need in the past 12 months,7.1.3.7.4,79.4
v1792543598,Ontario,2021A000235,Both genders,45 to 64 years,Quality of consultation in the past 12 months - Very good or excellent,7.1.3.8.4,70.9
v1792543605,Ontario,2021A000235,Both genders,45 to 64 years,Quality of consultation in the past 12 months - Fair or poor,7.1.3.9.4,8.2
v1792543612,Ontario,2021A000235,Both genders,45 to 64 years,Experienced difficulties getting non-urgent primary health care in the past 12 months,7.1.3.10.4,35.1
v1792543619,Ontario,2021A000235,Both genders,45 to 64 years,Consulted a medical specialist for an initial consultation in the past 12 months,7.1.3.11.4,37.4
v1792543626,Ontario,2021A000235,Both genders,45 to 64 years,Experienced difficulties getting specialist care in the past 12 months,7.1.3.12.4,28.6
v1792543633,Ontario,2021A000235,Both genders,45 to 64 years,Level of coordination between health care providers in the past 12 months - Very good or excellent,7.1.3.13.4,55.6
v1792543640,Ontario,2021A000235,Both genders,45 to 64 years,Level of coordination between health care providers in the past 12 months - Fair or poor,7.1.3.14.4,21.3
v1792543647,Ontario,2021A000235,Both genders,45 to 64 years,Experienced discrimination in a health care setting in the past 12 months,7.1.3.15.4,6.4
v1792543654,Ontario,2021A000235,Both genders,45 to 64 years,Had unmet health care needs in the past 12 months,7.1.3.16.4,17.7
v1792543661,Ontario,2021A000235,Both genders,45 to 64 years,"Delayed or did not fill a prescription, or reduced or skipped doses of medication because of the cost in the past 12 months",7.1.3.17.4,14.8
v1792543668,Ontario,2021A000235,Both genders,45 to 64 years,Has insurance that covers all or part of the cost of prescription medications,7.1.3.18.4,76.2
v1792543675,Ontario,2021A000235,Both genders,65 years and over,Has at least one chronic condition,7.1.4.1.4,79.6
v1792543682,Ontario,2021A000235,Both genders,65 years and over,Perceived health - Very good or excellent,7.1.4.2.4,37.1
v1792543689,Ontario,2021A000235,Both genders,65 years and over,Perceived health - Fair or poor,7.1.4.3.4,23.0
v1792543696,Ontario,2021A000235,Both genders,65 years and over,Perceived mental health - Very good or excellent,7.1.4.4.4,56.4
v1792543703,Ontario,2021A000235,Both genders,65 years and over,Perceived mental health - Fair or poor,7.1.4.5.4,10.6
v1792543710,Ontario,2021A000235,Both genders,65 years and over,Has a regular health care provider,7.1.4.6.4,92.9
v1792543717,Ontario,2021A000235,Both genders,65 years and over,Consulted a health care provider for a non-urgent primary health care need in the past 12 months,7.1.4.7.4,84.0
v1792543724,Ontario,2021A000235,Both genders,65 years and over,Quality of consultation in the past 12 months - Very good or excellent,7.1.4.8.4,76.9
v1792543731,Ontario,2021A000235,Both genders,65 years and over,Quality of consultation in the past 12 months - Fair or poor,7.1.4.9.4,7.0
v1792543738,Ontario,2021A000235,Both genders,65 years and over,Experienced difficulties getting non-urgent primary health care in the past 12 months,7.1.4.10.4,28.2
v1792544564,Ontario,2021A000235,Women+,45 to 64 years,Perceived health - Very good or excellent,7.3.3.2.4,48.8
v1792543745,Ontario,2021A000235,Both genders,65 years and over,Consulted a medical specialist for an initial consultation in the past 12 months,7.1.4.11.4,46.6
v1792543752,Ontario,2021A000235,Both genders,65 years and over,Experienced difficulties getting specialist care in the past 12 months,7.1.4.12.4,26.1
v1792543759,Ontario,2021A000235,Both genders,65 years and over,Level of coordination between health care providers in the past 12 months - Very good or excellent,7.1.4.13.4,63.5
v1792543766,Ontario,2021A000235,Both genders,65 years and over,Level of coordination between health care providers in the past 12 months - Fair or poor,7.1.4.14.4,12.1
v1792543773,Ontario,2021A000235,Both genders,65 years and over,Experienced discrimination in a health care setting in the past 12 months,7.1.4.15.4,5.4
v1792543780,Ontario,2021A000235,Both genders,65 years and over,Had unmet health care needs in the past 12 months,7.1.4.16.4,14.0
v1792543787,Ontario,2021A000235,Both genders,65 years and over,"Delayed or did not fill a prescription, or reduced or skipped doses of medication because of the cost in the past 12 months",7.1.4.17.4,6.8
v1792543794,Ontario,2021A000235,Both genders,65 years and over,Has insurance that covers all or part of the cost of prescription medications,7.1.4.18.4,69.3
v1792543801,Ontario,2021A000235,Men+,"Total, 18 years and over",Has at least one chronic condition,7.2.1.1.4,48.9
v1792543808,Ontario,2021A000235,Men+,"Total, 18 years and over",Perceived health - Very good or excellent,7.2.1.2.4,52.7
v1792543815,Ontario,2021A000235,Men+,"Total, 18 years and over",Perceived health - Fair or poor,7.2.1.3.4,13.9
v1792543822,Ontario,2021A000235,Men+,"Total, 18 years and over",Perceived mental health - Very good or excellent,7.2.1.4.4,53.1
v1792543829,Ontario,2021A000235,Men+,"Total, 18 years and over",Perceived mental health - Fair or poor,7.2.1.5.4,17.4
v1792543836,Ontario,2021A000235,Men+,"Total, 18 years and over",Has a regular health care provider,7.2.1.6.4,83.2
v1792543843,Ontario,2021A000235,Men+,"Total, 18 years and over",Consulted a health care provider for a non-urgent primary health care need in the past 12 months,7.2.1.7.4,70.6
v1792543850,Ontario,2021A000235,Men+,"Total, 18 years and over",Quality of consultation in the past 12 months - Very good or excellent,7.2.1.8.4,69.2
v1792543857,Ontario,2021A000235,Men+,"Total, 18 years and over",Quality of consultation in the past 12 months - Fair or poor,7.2.1.9.4,10.5
v1792543864,Ontario,2021A000235,Men+,"Total, 18 years and over",Experienced difficulties getting non-urgent primary health care in the past 12 months,7.2.1.10.4,34.2
v1792543871,Ontario,2021A000235,Men+,"Total, 18 years and over",Consulted a medical specialist for an initial consultation in the past 12 months,7.2.1.11.4,34.7
v1792543878,Ontario,2021A000235,Men+,"Total, 18 years and over",Experienced difficulties getting specialist care in the past 12 months,7.2.1.12.4,28.1
v1792543885,Ontario,2021A000235,Men+,"Total, 18 years and over",Level of coordination between health care providers in the past 12 months - Very good or excellent,7.2.1.13.4,54.5
v1792543892,Ontario,2021A000235,Men+,"Total, 18 years and over",Level of coordination between health care providers in the past 12 months - Fair or poor,7.2.1.14.4,22.2
v1792543899,Ontario,2021A000235,Men+,"Total, 18 years and over",Experienced discrimination in a health care setting in the past 12 months,7.2.1.15.4,6.9
v1792543906,Ontario,2021A000235,Men+,"Total, 18 years and over",Had unmet health care needs in the past 12 months,7.2.1.16.4,20.0
v1792543913,Ontario,2021A000235,Men+,"Total, 18 years and over","Delayed or did not fill a prescription, or reduced or skipped doses of medication because of the cost in the past 12 months",7.2.1.17.4,14.4
v1792543920,Ontario,2021A000235,Men+,"Total, 18 years and over",Has insurance that covers all or part of the cost of prescription medications,7.2.1.18.4,74.3
v1792543927,Ontario,2021A000235,Men+,18 to 44 years,Has at least one chronic condition,7.2.2.1.4,34.1
v1792543934,Ontario,2021A000235,Men+,18 to 44 years,Perceived health - Very good or excellent,7.2.2.2.4,61.8
v1792543941,Ontario,2021A000235,Men+,18 to 44 years,Perceived health - Fair or poor,7.2.2.3.4,9.2
v1792543948,Ontario,2021A000235,Men+,18 to 44 years,Perceived mental health - Very good or excellent,7.2.2.4.4,50.3
v1792543955,Ontario,2021A000235,Men+,18 to 44 years,Perceived mental health - Fair or poor,7.2.2.5.4,23.3
v1792543962,Ontario,2021A000235,Men+,18 to 44 years,Has a regular health care provider,7.2.2.6.4,76.4
v1792543969,Ontario,2021A000235,Men+,18 to 44 years,Consulted a health care provider for a non-urgent primary health care need in the past 12 months,7.2.2.7.4,63.0
v1792543976,Ontario,2021A000235,Men+,18 to 44 years,Quality of consultation in the past 12 months - Very good or excellent,7.2.2.8.4,62.4
v1792543983,Ontario,2021A000235,Men+,18 to 44 years,Quality of consultation in the past 12 months - Fair or poor,7.2.2.9.4,15.5
v1792543990,Ontario,2021A000235,Men+,18 to 44 years,Experienced difficulties getting non-urgent primary health care in the past 12 months,7.2.2.10.4,38.7
v1792543997,Ontario,2021A000235,Men+,18 to 44 years,Consulted a medical specialist for an initial consultation in the past 12 months,7.2.2.11.4,27.5
v1792544004,Ontario,2021A000235,Men+,18 to 44 years,Experienced difficulties getting specialist care in the past 12 months,7.2.2.12.4,29.8
v1792544011,Ontario,2021A000235,Men+,18 to 44 years,Level of coordination between health care providers in the past 12 months - Very good or excellent,7.2.2.13.4,39.7
v1792544018,Ontario,2021A000235,Men+,18 to 44 years,Level of coordination between health care providers in the past 12 months - Fair or poor,7.2.2.14.4,35.9
v1792544025,Ontario,2021A000235,Men+,18 to 44 years,Experienced discrimination in a health care setting in the past 12 months,7.2.2.15.4,9.1
v1792544032,Ontario,2021A000235,Men+,18 to 44 years,Had unmet health care needs in the past 12 months,7.2.2.16.4,25.1
v1792544039,Ontario,2021A000235,Men+,18 to 44 years,"Delayed or did not fill a prescription, or reduced or skipped doses of medication because of the cost in the past 12 months",7.2.2.17.4,18.5
v1792544046,Ontario,2021A000235,Men+,18 to 44 years,Has insurance that covers all or part of the cost of prescription medications,7.2.2.18.4,74.6
v1792544053,Ontario,2021A000235,Men+,45 to 64 years,Has at least one chronic condition,7.2.3.1.4,51.2
v1792544060,Ontario,2021A000235,Men+,45 to 64 years,Perceived health - Very good or excellent,7.2.3.2.4,50.2
v1792544067,Ontario,2021A000235,Men+,45 to 64 years,Perceived health - Fair or poor,7.2.3.3.4,14.5
v1792544074,Ontario,2021A000235,Men+,45 to 64 years,Perceived mental health - Very good or excellent,7.2.3.4.4,54.8
v1792544081,Ontario,2021A000235,Men+,45 to 64 years,Perceived mental health - Fair or poor,7.2.3.5.4,14.0
v1792544088,Ontario,2021A000235,Men+,45 to 64 years,Has a regular health care provider,7.2.3.6.4,87.7
v1792544095,Ontario,2021A000235,Men+,45 to 64 years,Consulted a health care provider for a non-urgent primary health care need in the past 12 months,7.2.3.7.4,74.5
v1792544102,Ontario,2021A000235,Men+,45 to 64 years,Quality of consultation in the past 12 months - Very good or excellent,7.2.3.8.4,72.8
v1792544109,Ontario,2021A000235,Men+,45 to 64 years,Quality of consultation in the past 12 months - Fair or poor,7.2.3.9.4,6.0
v1792544116,Ontario,2021A000235,Men+,45 to 64 years,Experienced difficulties getting non-urgent primary health care in the past 12 months,7.2.3.10.4,30.4
v1792544123,Ontario,2021A000235,Men+,45 to 64 years,Consulted a medical specialist for an initial consultation in the past 12 months,7.2.3.11.4,35.9
v1792544130,Ontario,2021A000235,Men+,45 to 64 years,Experienced difficulties getting specialist care in the past 12 months,7.2.3.12.4,25.2
v1792544137,Ontario,2021A000235,Men+,45 to 64 years,Level of coordination between health care providers in the past 12 months - Very good or excellent,7.2.3.13.4,57.0
v1792544144,Ontario,2021A000235,Men+,45 to 64 years,Level of coordination between health care providers in the past 12 months - Fair or poor,7.2.3.14.4,19.3
v1792544151,Ontario,2021A000235,Men+,45 to 64 years,Experienced discrimination in a health care setting in the past 12 months,7.2.3.15.4,4.7
v1792544158,Ontario,2021A000235,Men+,45 to 64 years,Had unmet health care needs in the past 12 months,7.2.3.16.4,15.7
v1792544165,Ontario,2021A000235,Men+,45 to 64 years,"Delayed or did not fill a prescription, or reduced or skipped doses of medication because of the cost in the past 12 months",7.2.3.17.4,16.2
v1792544172,Ontario,2021A000235,Men+,45 to 64 years,Has insurance that covers all or part of the cost of prescription medications,7.2.3.18.4,77.0
v1792544179,Ontario,2021A000235,Men+,65 years and over,Has at least one chronic condition,7.2.4.1.4,81.1
v1792544186,Ontario,2021A000235,Men+,65 years and over,Perceived health - Very good or excellent,7.2.4.2.4,34.3
v1792544193,Ontario,2021A000235,Men+,65 years and over,Perceived health - Fair or poor,7.2.4.3.4,24.5
v1792544200,Ontario,2021A000235,Men+,65 years and over,Perceived mental health - Very good or excellent,7.2.4.4.4,57.2
v1792544207,Ontario,2021A000235,Men+,65 years and over,Perceived mental health - Fair or poor,7.2.4.5.4,8.0
v1792544214,Ontario,2021A000235,Men+,65 years and over,Has a regular health care provider,7.2.4.6.4,93.0
v1792544221,Ontario,2021A000235,Men+,65 years and over,Consulted a health care provider for a non-urgent primary health care need in the past 12 months,7.2.4.7.4,83.4
v1792544228,Ontario,2021A000235,Men+,65 years and over,Quality of consultation in the past 12 months - Very good or excellent,7.2.4.8.4,76.9
v1792544235,Ontario,2021A000235,Men+,65 years and over,Quality of consultation in the past 12 months - Fair or poor,7.2.4.9.4,7.5
v1792544242,Ontario,2021A000235,Men+,65 years and over,Experienced difficulties getting non-urgent primary health care in the past 12 months,7.2.4.10.4,28.9
v1792544249,Ontario,2021A000235,Men+,65 years and over,Consulted a medical specialist for an initial consultation in the past 12 months,7.2.4.11.4,50.2
v1792544256,Ontario,2021A000235,Men+,65 years and over,Experienced difficulties getting specialist care in the past 12 months,7.2.4.12.4,28.2
v1792544263,Ontario,2021A000235,Men+,65 years and over,Level of coordination between health care providers in the past 12 months - Very good or excellent,7.2.4.13.4,69.0
v1792544270,Ontario,2021A000235,Men+,65 years and over,Level of coordination between health care providers in the past 12 months - Fair or poor,7.2.4.14.4,9.1
v1792544277,Ontario,2021A000235,Men+,65 years and over,Experienced discrimination in a health care setting in the past 12 months,7.2.4.15.4,5.4
v1792544284,Ontario,2021A000235,Men+,65 years and over,Had unmet health care needs in the past 12 months,7.2.4.16.4,14.0
v1792544291,Ontario,2021A000235,Men+,65 years and over,"Delayed or did not fill a prescription, or reduced or skipped doses of medication because of the cost in the past 12 months",7.2.4.17.4,6.8
v1792544298,Ontario,2021A000235,Men+,65 years and over,Has insurance that covers all or part of the cost of prescription medications,7.2.4.18.4,70.0
v1792544305,Ontario,2021A000235,Women+,"Total, 18 years and over",Has at least one chronic condition,7.3.1.1.4,53.9
v1792544312,Ontario,2021A000235,Women+,"Total, 18 years and over",Perceived health - Very good or excellent,7.3.1.2.4,48.3
v1792544319,Ontario,2021A000235,Women+,"Total, 18 years and over",Perceived health - Fair or poor,7.3.1.3.4,15.9
v1792544326,Ontario,2021A000235,Women+,"Total, 18 years and over",Perceived mental health - Very good or excellent,7.3.1.4.4,46.8
v1792544333,Ontario,2021A000235,Women+,"Total, 18 years and over",Perceived mental health - Fair or poor,7.3.1.5.4,18.3
v1792544340,Ontario,2021A000235,Women+,"Total, 18 years and over",Has a regular health care provider,7.3.1.6.4,89.6
v1792544347,Ontario,2021A000235,Women+,"Total, 18 years and over",Consulted a health care provider for a non-urgent primary health care need in the past 12 months,7.3.1.7.4,80.6
v1792544354,Ontario,2021A000235,Women+,"Total, 18 years and over",Quality of consultation in the past 12 months - Very good or excellent,7.3.1.8.4,68.1
v1792544361,Ontario,2021A000235,Women+,"Total, 18 years and over",Quality of consultation in the past 12 months - Fair or poor,7.3.1.9.4,11.6
v1792544368,Ontario,2021A000235,Women+,"Total, 18 years and over",Experienced difficulties getting non-urgent primary health care in the past 12 months,7.3.1.10.4,41.5
v1792544375,Ontario,2021A000235,Women+,"Total, 18 years and over",Consulted a medical specialist for an initial consultation in the past 12 months,7.3.1.11.4,37.6
v1792544382,Ontario,2021A000235,Women+,"Total, 18 years and over",Experienced difficulties getting specialist care in the past 12 months,7.3.1.12.4,31.9
v1792544389,Ontario,2021A000235,Women+,"Total, 18 years and over",Level of coordination between health care providers in the past 12 months - Very good or excellent,7.3.1.13.4,52.7
v1792544396,Ontario,2021A000235,Women+,"Total, 18 years and over",Level of coordination between health care providers in the past 12 months - Fair or poor,7.3.1.14.4,23.4
v1792544403,Ontario,2021A000235,Women+,"Total, 18 years and over",Experienced discrimination in a health care setting in the past 12 months,7.3.1.15.4,9.4
v1792544410,Ontario,2021A000235,Women+,"Total, 18 years and over",Had unmet health care needs in the past 12 months,7.3.1.16.4,22.4
v1792544417,Ontario,2021A000235,Women+,"Total, 18 years and over","Delayed or did not fill a prescription, or reduced or skipped doses of medication because of the cost in the past 12 months",7.3.1.17.4,13.9
v1792544424,Ontario,2021A000235,Women+,"Total, 18 years and over",Has insurance that covers all or part of the cost of prescription medications,7.3.1.18.4,75.4
v1792544431,Ontario,2021A000235,Women+,18 to 44 years,Has at least one chronic condition,7.3.2.1.4,38.2
v1792544438,Ontario,2021A000235,Women+,18 to 44 years,Perceived health - Very good or excellent,7.3.2.2.4,52.6
v1792544445,Ontario,2021A000235,Women+,18 to 44 years,Perceived health - Fair or poor,7.3.2.3.4,12.3
v1792544452,Ontario,2021A000235,Women+,18 to 44 years,Perceived mental health - Very good or excellent,7.3.2.4.4,39.8
v1792544459,Ontario,2021A000235,Women+,18 to 44 years,Perceived mental health - Fair or poor,7.3.2.5.4,24.2
v1792544466,Ontario,2021A000235,Women+,18 to 44 years,Has a regular health care provider,7.3.2.6.4,87.1
v1792544473,Ontario,2021A000235,Women+,18 to 44 years,Consulted a health care provider for a non-urgent primary health care need in the past 12 months,7.3.2.7.4,76.4
v1792544480,Ontario,2021A000235,Women+,18 to 44 years,Quality of consultation in the past 12 months - Very good or excellent,7.3.2.8.4,62.2
v1792544487,Ontario,2021A000235,Women+,18 to 44 years,Quality of consultation in the past 12 months - Fair or poor,7.3.2.9.4,15.7
v1792544494,Ontario,2021A000235,Women+,18 to 44 years,Experienced difficulties getting non-urgent primary health care in the past 12 months,7.3.2.10.4,50.1
v1792544501,Ontario,2021A000235,Women+,18 to 44 years,Consulted a medical specialist for an initial consultation in the past 12 months,7.3.2.11.4,33.8
v1792544508,Ontario,2021A000235,Women+,18 to 44 years,Experienced difficulties getting specialist care in the past 12 months,7.3.2.12.4,35.7
v1792544515,Ontario,2021A000235,Women+,18 to 44 years,Level of coordination between health care providers in the past 12 months - Very good or excellent,7.3.2.13.4,47.2
v1792544522,Ontario,2021A000235,Women+,18 to 44 years,Level of coordination between health care providers in the past 12 months - Fair or poor,7.3.2.14.4,29.8
v1792544529,Ontario,2021A000235,Women+,18 to 44 years,Experienced discrimination in a health care setting in the past 12 months,7.3.2.15.4,12.8
v1792544536,Ontario,2021A000235,Women+,18 to 44 years,Had unmet health care needs in the past 12 months,7.3.2.16.4,28.7
v1792544543,Ontario,2021A000235,Women+,18 to 44 years,"Delayed or did not fill a prescription, or reduced or skipped doses of medication because of the cost in the past 12 months",7.3.2.17.4,18.9
v1792544550,Ontario,2021A000235,Women+,18 to 44 years,Has insurance that covers all or part of the cost of prescription medications,7.3.2.18.4,78.8
v1792544571,Ontario,2021A000235,Women+,45 to 64 years,Perceived health - Fair or poor,7.3.3.3.4,16.6
v1792544578,Ontario,2021A000235,Women+,45 to 64 years,Perceived mental health - Very good or excellent,7.3.3.4.4,50.6
v1792544585,Ontario,2021A000235,Women+,45 to 64 years,Perceived mental health - Fair or poor,7.3.3.5.4,13.7
v1792544592,Ontario,2021A000235,Women+,45 to 64 years,Has a regular health care provider,7.3.3.6.4,90.8
v1792544599,Ontario,2021A000235,Women+,45 to 64 years,Consulted a health care provider for a non-urgent primary health care need in the past 12 months,7.3.3.7.4,84.0
v1792544606,Ontario,2021A000235,Women+,45 to 64 years,Quality of consultation in the past 12 months - Very good or excellent,7.3.3.8.4,69.4
v1792544613,Ontario,2021A000235,Women+,45 to 64 years,Quality of consultation in the past 12 months - Fair or poor,7.3.3.9.4,10.0
v1792544620,Ontario,2021A000235,Women+,45 to 64 years,Experienced difficulties getting non-urgent primary health care in the past 12 months,7.3.3.10.4,39.5
v1792544627,Ontario,2021A000235,Women+,45 to 64 years,Consulted a medical specialist for an initial consultation in the past 12 months,7.3.3.11.4,38.8
v1792544634,Ontario,2021A000235,Women+,45 to 64 years,Experienced difficulties getting specialist care in the past 12 months,7.3.3.12.4,32.0
v1792544641,Ontario,2021A000235,Women+,45 to 64 years,Level of coordination between health care providers in the past 12 months - Very good or excellent,7.3.3.13.4,54.5
v1792544648,Ontario,2021A000235,Women+,45 to 64 years,Level of coordination between health care providers in the past 12 months - Fair or poor,7.3.3.14.4,22.9
v1792544655,Ontario,2021A000235,Women+,45 to 64 years,Experienced discrimination in a health care setting in the past 12 months,7.3.3.15.4,7.8
v1792544662,Ontario,2021A000235,Women+,45 to 64 years,Had unmet health care needs in the past 12 months,7.3.3.16.4,19.6
v1792544669,Ontario,2021A000235,Women+,45 to 64 years,"Delayed or did not fill a prescription, or reduced or skipped doses of medication because of the cost in the past 12 months",7.3.3.17.4,13.7
v1792544676,Ontario,2021A000235,Women+,45 to 64 years,Has insurance that covers all or part of the cost of prescription medications,7.3.3.18.4,75.6
v1792544683,Ontario,2021A000235,Women+,65 years and over,Has at least one chronic condition,7.3.4.1.4,78.3
v1792544690,Ontario,2021A000235,Women+,65 years and over,Perceived health - Very good or excellent,7.3.4.2.4,39.5
v1792544697,Ontario,2021A000235,Women+,65 years and over,Perceived health - Fair or poor,7.3.4.3.4,21.7
v1792544704,Ontario,2021A000235,Women+,65 years and over,Perceived mental health - Very good or excellent,7.3.4.4.4,55.8
v1792544711,Ontario,2021A000235,Women+,65 years and over,Perceived mental health - Fair or poor,7.3.4.5.4,12.9
v1792544718,Ontario,2021A000235,Women+,65 years and over,Has a regular health care provider,7.3.4.6.4,92.8
v1792544725,Ontario,2021A000235,Women+,65 years and over,Consulted a health care provider for a non-urgent primary health care need in the past 12 months,7.3.4.7.4,84.5
v1792544732,Ontario,2021A000235,Women+,65 years and over,Quality of consultation in the past 12 months - Very good or excellent,7.3.4.8.4,76.9
v1792544739,Ontario,2021A000235,Women+,65 years and over,Quality of consultation in the past 12 months - Fair or poor,7.3.4.9.4,6.5
v1792544746,Ontario,2021A000235,Women+,65 years and over,Experienced difficulties getting non-urgent primary health care in the past 12 months,7.3.4.10.4,27.5
v1792544753,Ontario,2021A000235,Women+,65 years and over,Consulted a medical specialist for an initial consultation in the past 12 months,7.3.4.11.4,43.5
v1792544760,Ontario,2021A000235,Women+,65 years and over,Experienced difficulties getting specialist care in the past 12 months,7.3.4.12.4,24.3
v1792544767,Ontario,2021A000235,Women+,65 years and over,Level of coordination between health care providers in the past 12 months - Very good or excellent,7.3.4.13.4,59.0
v1792544774,Ontario,2021A000235,Women+,65 years and over,Level of coordination between health care providers in the past 12 months - Fair or poor,7.3.4.14.4,14.5
v1792544781,Ontario,2021A000235,Women+,65 years and over,Experienced discrimination in a health care setting in the past 12 months,7.3.4.15.4,5.3
v1792544788,Ontario,2021A000235,Women+,65 years and over,Had unmet health care needs in the past 12 months,7.3.4.16.4,14.0
v1792544795,Ontario,2021A000235,Women+,65 years and over,"Delayed or did not fill a prescription, or reduced or skipped doses of medication because of the cost in the past 12 months",7.3.4.17.4,6.8
v1792544802,Ontario,2021A000235,Women+,65 years and over,Has insurance that covers all or part of the cost of prescription medications,7.3.4.18.4,68.7
v1792544809,Manitoba,2021A000246,Both genders,"Total, 18 years and over",Has at least one chronic condition,8.1.1.1.4,51.6
v1792544816,Manitoba,2021A000246,Both genders,"Total, 18 years and over",Perceived health - Very good or excellent,8.1.1.2.4,53.8
v1792544823,Manitoba,2021A000246,Both genders,"Total, 18 years and over",Perceived health - Fair or poor,8.1.1.3.4,13.9
v1792544830,Manitoba,2021A000246,Both genders,"Total, 18 years and over",Perceived mental health - Very good or excellent,8.1.1.4.4,51.4
v1792544837,Manitoba,2021A000246,Both genders,"Total, 18 years and over",Perceived mental health - Fair or poor,8.1.1.5.4,16.5
v1792544844,Manitoba,2021A000246,Both genders,"Total, 18 years and over",Has a regular health care provider,8.1.1.6.4,82.3
v1792544851,Manitoba,2021A000246,Both genders,"Total, 18 years and over",Consulted a health care provider for a non-urgent primary health care need in the past 12 months,8.1.1.7.4,76.6
v1792544858,Manitoba,2021A000246,Both genders,"Total, 18 years and over",Quality of consultation in the past 12 months - Very good or excellent,8.1.1.8.4,70.8
v1792544865,Manitoba,2021A000246,Both genders,"Total, 18 years and over",Quality of consultation in the past 12 months - Fair or poor,8.1.1.9.4,9.8
v1792544872,Manitoba,2021A000246,Both genders,"Total, 18 years and over",Experienced difficulties getting non-urgent primary health care in the past 12 months,8.1.1.10.4,34.6
v1792544879,Manitoba,2021A000246,Both genders,"Total, 18 years and over",Consulted a medical specialist for an initial consultation in the past 12 months,8.1.1.11.4,30.2
v1792544886,Manitoba,2021A000246,Both genders,"Total, 18 years and over",Experienced difficulties getting specialist care in the past 12 months,8.1.1.12.4,25.3
v1792544893,Manitoba,2021A000246,Both genders,"Total, 18 years and over",Level of coordination between health care providers in the past 12 months - Very good or excellent,8.1.1.13.4,55.4
v1792544900,Manitoba,2021A000246,Both genders,"Total, 18 years and over",Level of coordination between health care providers in the past 12 months - Fair or poor,8.1.1.14.4,20.0
v1792544907,Manitoba,2021A000246,Both genders,"Total, 18 years and over",Experienced discrimination in a health care setting in the past 12 months,8.1.1.15.4,8.1
v1792544914,Manitoba,2021A000246,Both genders,"Total, 18 years and over",Had unmet health care needs in the past 12 months,8.1.1.16.4,17.9
v1792544921,Manitoba,2021A000246,Both genders,"Total, 18 years and over","Delayed or did not fill a prescription, or reduced or skipped doses of medication because of the cost in the past 12 months",8.1.1.17.4,15.2
v1792544928,Manitoba,2021A000246,Both genders,"Total, 18 years and over",Has insurance that covers all or part of the cost of prescription medications,8.1.1.18.4,77.4
v1792544935,Manitoba,2021A000246,Both genders,18 to 44 years,Has at least one chronic condition,8.1.2.1.4,34.5
v1792544942,Manitoba,2021A000246,Both genders,18 to 44 years,Perceived health - Very good or excellent,8.1.2.2.4,60.2
v1792544949,Manitoba,2021A000246,Both genders,18 to 44 years,Perceived health - Fair or poor,8.1.2.3.4,8.8
v1792544956,Manitoba,2021A000246,Both genders,18 to 44 years,Perceived mental health - Very good or excellent,8.1.2.4.4,45.7
v1792544963,Manitoba,2021A000246,Both genders,18 to 44 years,Perceived mental health - Fair or poor,8.1.2.5.4,20.6
v1792544970,Manitoba,2021A000246,Both genders,18 to 44 years,Has a regular health care provider,8.1.2.6.4,74.3
v1792544977,Manitoba,2021A000246,Both genders,18 to 44 years,Consulted a health care provider for a non-urgent primary health care need in the past 12 months,8.1.2.7.4,72.5
v1792544984,Manitoba,2021A000246,Both genders,18 to 44 years,Quality of consultation in the past 12 months - Very good or excellent,8.1.2.8.4,64.1
v1792544991,Manitoba,2021A000246,Both genders,18 to 44 years,Quality of consultation in the past 12 months - Fair or poor,8.1.2.9.4,12.8
v1792544998,Manitoba,2021A000246,Both genders,18 to 44 years,Experienced difficulties getting non-urgent primary health care in the past 12 months,8.1.2.10.4,39.3
v1792545005,Manitoba,2021A000246,Both genders,18 to 44 years,Consulted a medical specialist for an initial consultation in the past 12 months,8.1.2.11.4,25.6
v1792545012,Manitoba,2021A000246,Both genders,18 to 44 years,Experienced difficulties getting specialist care in the past 12 months,8.1.2.12.4,26.3
v1792545019,Manitoba,2021A000246,Both genders,18 to 44 years,Level of coordination between health care providers in the past 12 months - Very good or excellent,8.1.2.13.4,49.1
v1792545026,Manitoba,2021A000246,Both genders,18 to 44 years,Level of coordination between health care providers in the past 12 months - Fair or poor,8.1.2.14.4,26.2
v1792545033,Manitoba,2021A000246,Both genders,18 to 44 years,Experienced discrimination in a health care setting in the past 12 months,8.1.2.15.4,10.8
v1792545040,Manitoba,2021A000246,Both genders,18 to 44 years,Had unmet health care needs in the past 12 months,8.1.2.16.4,22.4
v1792545047,Manitoba,2021A000246,Both genders,18 to 44 years,"Delayed or did not fill a prescription, or reduced or skipped doses of medication because of the cost in the past 12 months",8.1.2.17.4,21.6
v1792545054,Manitoba,2021A000246,Both genders,18 to 44 years,Has insurance that covers all or part of the cost of prescription medications,8.1.2.18.4,80.9
v1792545061,Manitoba,2021A000246,Both genders,45 to 64 years,Has at least one chronic condition,8.1.3.1.4,58.5
v1792545068,Manitoba,2021A000246,Both genders,45 to 64 years,Perceived health - Very good or excellent,8.1.3.2.4,53.0
v1792545075,Manitoba,2021A000246,Both genders,45 to 64 years,Perceived health - Fair or poor,8.1.3.3.4,15.9
v1792545082,Manitoba,2021A000246,Both genders,45 to 64 years,Perceived mental health - Very good or excellent,8.1.3.4.4,53.9
v1792545089,Manitoba,2021A000246,Both genders,45 to 64 years,Perceived mental health - Fair or poor,8.1.3.5.4,14.8
v1792545096,Manitoba,2021A000246,Both genders,45 to 64 years,Has a regular health care provider,8.1.3.6.4,87.5
v1792545103,Manitoba,2021A000246,Both genders,45 to 64 years,Consulted a health care provider for a non-urgent primary health care need in the past 12 months,8.1.3.7.4,79.9
v1792545110,Manitoba,2021A000246,Both genders,45 to 64 years,Quality of consultation in the past 12 months - Very good or excellent,8.1.3.8.4,74.1
v1792545117,Manitoba,2021A000246,Both genders,45 to 64 years,Quality of consultation in the past 12 months - Fair or poor,8.1.3.9.4,8.4
v1792545124,Manitoba,2021A000246,Both genders,45 to 64 years,Experienced difficulties getting non-urgent primary health care in the past 12 months,8.1.3.10.4,33.7
v1792545131,Manitoba,2021A000246,Both genders,45 to 64 years,Consulted a medical specialist for an initial consultation in the past 12 months,8.1.3.11.4,32.4
v1792545138,Manitoba,2021A000246,Both genders,45 to 64 years,Experienced difficulties getting specialist care in the past 12 months,8.1.3.12.4,26.1
v1792545145,Manitoba,2021A000246,Both genders,45 to 64 years,Level of coordination between health care providers in the past 12 months - Very good or excellent,8.1.3.13.4,56.7
v1792545152,Manitoba,2021A000246,Both genders,45 to 64 years,Level of coordination between health care providers in the past 12 months - Fair or poor,8.1.3.14.4,20.0
v1792545159,Manitoba,2021A000246,Both genders,45 to 64 years,Experienced discrimination in a health care setting in the past 12 months,8.1.3.15.4,7.1
v1792545166,Manitoba,2021A000246,Both genders,45 to 64 years,Had unmet health care needs in the past 12 months,8.1.3.16.4,15.7
v1792545173,Manitoba,2021A000246,Both genders,45 to 64 years,"Delayed or did not fill a prescription, or reduced or skipped doses of medication because of the cost in the past 12 months",8.1.3.17.4,13.4
v1792545180,Manitoba,2021A000246,Both genders,45 to 64 years,Has insurance that covers all or part of the cost of prescription medications,8.1.3.18.4,83.4
v1792545187,Manitoba,2021A000246,Both genders,65 years and over,Has at least one chronic condition,8.1.4.1.4,80.7
v1792545194,Manitoba,2021A000246,Both genders,65 years and over,Perceived health - Very good or excellent,8.1.4.2.4,40.1
v1792545201,Manitoba,2021A000246,Both genders,65 years and over,Perceived health - Fair or poor,8.1.4.3.4,22.8
v1792545208,Manitoba,2021A000246,Both genders,65 years and over,Perceived mental health - Very good or excellent,8.1.4.4.4,60.9
v1792545215,Manitoba,2021A000246,Both genders,65 years and over,Perceived mental health - Fair or poor,8.1.4.5.4,9.5
v1792545222,Manitoba,2021A000246,Both genders,65 years and over,Has a regular health care provider,8.1.4.6.4,93.5
v1792545229,Manitoba,2021A000246,Both genders,65 years and over,Consulted a health care provider for a non-urgent primary health care need in the past 12 months,8.1.4.7.4,81.6
v1792545236,Manitoba,2021A000246,Both genders,65 years and over,Quality of consultation in the past 12 months - Very good or excellent,8.1.4.8.4,79.8
v1792545243,Manitoba,2021A000246,Both genders,65 years and over,Quality of consultation in the past 12 months - Fair or poor,8.1.4.9.4,5.5
v1792545250,Manitoba,2021A000246,Both genders,65 years and over,Experienced difficulties getting non-urgent primary health care in the past 12 months,8.1.4.10.4,25.2
v1792545257,Manitoba,2021A000246,Both genders,65 years and over,Consulted a medical specialist for an initial consultation in the past 12 months,8.1.4.11.4,37.6
v1792545264,Manitoba,2021A000246,Both genders,65 years and over,Experienced difficulties getting specialist care in the past 12 months,8.1.4.12.4,21.6
v1792545271,Manitoba,2021A000246,Both genders,65 years and over,Level of coordination between health care providers in the past 12 months - Very good or excellent,8.1.4.13.4,62.6
v1792545278,Manitoba,2021A000246,Both genders,65 years and over,Level of coordination between health care providers in the past 12 months - Fair or poor,8.1.4.14.4,11.7
v1792545285,Manitoba,2021A000246,Both genders,65 years and over,Experienced discrimination in a health care setting in the past 12 months,8.1.4.15.4,3.9
v1792545292,Manitoba,2021A000246,Both genders,65 years and over,Had unmet health care needs in the past 12 months,8.1.4.16.4,10.9
v1792545299,Manitoba,2021A000246,Both genders,65 years and over,"Delayed or did not fill a prescription, or reduced or skipped doses of medication because of the cost in the past 12 months",8.1.4.17.4,7.5
v1792545306,Manitoba,2021A000246,Both genders,65 years and over,Has insurance that covers all or part of the cost of prescription medications,8.1.4.18.4,61.5
v1792545313,Manitoba,2021A000246,Men+,"Total, 18 years and over",Has at least one chronic condition,8.2.1.1.4,49.2
v1792545320,Manitoba,2021A000246,Men+,"Total, 18 years and over",Perceived health - Very good or excellent,8.2.1.2.4,56.1
v1792545327,Manitoba,2021A000246,Men+,"Total, 18 years and over",Perceived health - Fair or poor,8.2.1.3.4,13.6
v1792545334,Manitoba,2021A000246,Men+,"Total, 18 years and over",Perceived mental health - Very good or excellent,8.2.1.4.4,56.0
v1792545341,Manitoba,2021A000246,Men+,"Total, 18 years and over",Perceived mental health - Fair or poor,8.2.1.5.4,15.1
v1792545348,Manitoba,2021A000246,Men+,"Total, 18 years and over",Has a regular health care provider,8.2.1.6.4,78.9
v1792545355,Manitoba,2021A000246,Men+,"Total, 18 years and over",Consulted a health care provider for a non-urgent primary health care need in the past 12 months,8.2.1.7.4,71.8
v1792545362,Manitoba,2021A000246,Men+,"Total, 18 years and over",Quality of consultation in the past 12 months - Very good or excellent,8.2.1.8.4,72.9
v1792545369,Manitoba,2021A000246,Men+,"Total, 18 years and over",Quality of consultation in the past 12 months - Fair or poor,8.2.1.9.4,9.5
v1792545376,Manitoba,2021A000246,Men+,"Total, 18 years and over",Experienced difficulties getting non-urgent primary health care in the past 12 months,8.2.1.10.4,31.0
v1792545383,Manitoba,2021A000246,Men+,"Total, 18 years and over",Consulted a medical specialist for an initial consultation in the past 12 months,8.2.1.11.4,27.5
v1792545390,Manitoba,2021A000246,Men+,"Total, 18 years and over",Experienced difficulties getting specialist care in the past 12 months,8.2.1.12.4,23.9
v1792545397,Manitoba,2021A000246,Men+,"Total, 18 years and over",Level of coordination between health care providers in the past 12 months - Very good or excellent,8.2.1.13.4,57.7
v1792545404,Manitoba,2021A000246,Men+,"Total, 18 years and over",Level of coordination between health care providers in the past 12 months - Fair or poor,8.2.1.14.4,16.4
v1792545411,Manitoba,2021A000246,Men+,"Total, 18 years and over",Experienced discrimination in a health care setting in the past 12 months,8.2.1.15.4,5.8
v1792545418,Manitoba,2021A000246,Men+,"Total, 18 years and over",Had unmet health care needs in the past 12 months,8.2.1.16.4,15.3
v1792545425,Manitoba,2021A000246,Men+,"Total, 18 years and over","Delayed or did not fill a prescription, or reduced or skipped doses of medication because of the cost in the past 12 months",8.2.1.17.4,14.0
v1792545432,Manitoba,2021A000246,Men+,"Total, 18 years and over",Has insurance that covers all or part of the cost of prescription medications,8.2.1.18.4,76.2
v1792545439,Manitoba,2021A000246,Men+,18 to 44 years,Has at least one chronic condition,8.2.2.1.4,32.3
v1792545446,Manitoba,2021A000246,Men+,18 to 44 years,Perceived health - Very good or excellent,8.2.2.2.4,62.4
v1792545453,Manitoba,2021A000246,Men+,18 to 44 years,Perceived health - Fair or poor,8.2.2.3.4,8.5
v1792545460,Manitoba,2021A000246,Men+,18 to 44 years,Perceived mental health - Very good or excellent,8.2.2.4.4,51.6
v1792545467,Manitoba,2021A000246,Men+,18 to 44 years,Perceived mental health - Fair or poor,8.2.2.5.4,18.0
v1792545474,Manitoba,2021A000246,Men+,18 to 44 years,Has a regular health care provider,8.2.2.6.4,69.9
v1792545481,Manitoba,2021A000246,Men+,18 to 44 years,Consulted a health care provider for a non-urgent primary health care need in the past 12 months,8.2.2.7.4,66.5
v1792545488,Manitoba,2021A000246,Men+,18 to 44 years,Quality of consultation in the past 12 months - Very good or excellent,8.2.2.8.4,68.7
v1792545495,Manitoba,2021A000246,Men+,18 to 44 years,Quality of consultation in the past 12 months - Fair or poor,8.2.2.9.4,11.9
v1792545502,Manitoba,2021A000246,Men+,18 to 44 years,Experienced difficulties getting non-urgent primary health care in the past 12 months,8.2.2.10.4,33.8
v1792545509,Manitoba,2021A000246,Men+,18 to 44 years,Consulted a medical specialist for an initial consultation in the past 12 months,8.2.2.11.4,21.6
v1792545516,Manitoba,2021A000246,Men+,18 to 44 years,Experienced difficulties getting specialist care in the past 12 months,8.2.2.12.4,24.0
v1792545523,Manitoba,2021A000246,Men+,18 to 44 years,Level of coordination between health care providers in the past 12 months - Very good or excellent,8.2.2.13.4,52.9
v1792545530,Manitoba,2021A000246,Men+,18 to 44 years,Level of coordination between health care providers in the past 12 months - Fair or poor,8.2.2.14.4,19.6
v1792545537,Manitoba,2021A000246,Men+,18 to 44 years,Experienced discrimination in a health care setting in the past 12 months,8.2.2.15.4,8.0
v1792545544,Manitoba,2021A000246,Men+,18 to 44 years,Had unmet health care needs in the past 12 months,8.2.2.16.4,18.8
v1792545551,Manitoba,2021A000246,Men+,18 to 44 years,"Delayed or did not fill a prescription, or reduced or skipped doses of medication because of the cost in the past 12 months",8.2.2.17.4,20.2
v1792545558,Manitoba,2021A000246,Men+,18 to 44 years,Has insurance that covers all or part of the cost of prescription medications,8.2.2.18.4,78.7
v1792545565,Manitoba,2021A000246,Men+,45 to 64 years,Has at least one chronic condition,8.2.3.1.4,56.8
v1792545572,Manitoba,2021A000246,Men+,45 to 64 years,Perceived health - Very good or excellent,8.2.3.2.4,55.8
v1792545579,Manitoba,2021A000246,Men+,45 to 64 years,Perceived health - Fair or poor,8.2.3.3.4,15.1
v1792545586,Manitoba,2021A000246,Men+,45 to 64 years,Perceived mental health - Very good or excellent,8.2.3.4.4,60.0
v1792545593,Manitoba,2021A000246,Men+,45 to 64 years,Perceived mental health - Fair or poor,8.2.3.5.4,14.8
v1792545600,Manitoba,2021A000246,Men+,45 to 64 years,Has a regular health care provider,8.2.3.6.4,84.7
v1792545607,Manitoba,2021A000246,Men+,45 to 64 years,Consulted a health care provider for a non-urgent primary health care need in the past 12 months,8.2.3.7.4,75.0
v1792545614,Manitoba,2021A000246,Men+,45 to 64 years,Quality of consultation in the past 12 months - Very good or excellent,8.2.3.8.4,74.0
v1792545621,Manitoba,2021A000246,Men+,45 to 64 years,Quality of consultation in the past 12 months - Fair or poor,8.2.3.9.4,7.9
v1792545628,Manitoba,2021A000246,Men+,45 to 64 years,Experienced difficulties getting non-urgent primary health care in the past 12 months,8.2.3.10.4,31.4
v1792545635,Manitoba,2021A000246,Men+,45 to 64 years,Consulted a medical specialist for an initial consultation in the past 12 months,8.2.3.11.4,29.0
v1792545642,Manitoba,2021A000246,Men+,45 to 64 years,Experienced difficulties getting specialist care in the past 12 months,8.2.3.12.4,24.4
v1792545649,Manitoba,2021A000246,Men+,45 to 64 years,Level of coordination between health care providers in the past 12 months - Very good or excellent,8.2.3.13.4,59.8
v1792545656,Manitoba,2021A000246,Men+,45 to 64 years,Level of coordination between health care providers in the past 12 months - Fair or poor,8.2.3.14.4,15.9
v1792545663,Manitoba,2021A000246,Men+,45 to 64 years,Experienced discrimination in a health care setting in the past 12 months,8.2.3.15.4,4.4
v1792545670,Manitoba,2021A000246,Men+,45 to 64 years,Had unmet health care needs in the past 12 months,8.2.3.16.4,14.0
v1792545677,Manitoba,2021A000246,Men+,45 to 64 years,"Delayed or did not fill a prescription, or reduced or skipped doses of medication because of the cost in the past 12 months",8.2.3.17.4,11.9
v1792545684,Manitoba,2021A000246,Men+,45 to 64 years,Has insurance that covers all or part of the cost of prescription medications,8.2.3.18.4,82.5
v1792545691,Manitoba,2021A000246,Men+,65 years and over,Has at least one chronic condition,8.2.4.1.4,80.5
v1792545698,Manitoba,2021A000246,Men+,65 years and over,Perceived health - Very good or excellent,8.2.4.2.4,40.4
v1792545705,Manitoba,2021A000246,Men+,65 years and over,Perceived health - Fair or poor,8.2.4.3.4,24.2
v1792545712,Manitoba,2021A000246,Men+,65 years and over,Perceived mental health - Very good or excellent,8.2.4.4.4,61.4
v1792545719,Manitoba,2021A000246,Men+,65 years and over,Perceived mental health - Fair or poor,8.2.4.5.4,8.1
v1792545726,Manitoba,2021A000246,Men+,65 years and over,Has a regular health care provider,8.2.4.6.4,93.1
v1792545733,Manitoba,2021A000246,Men+,65 years and over,Consulted a health care provider for a non-urgent primary health care need in the past 12 months,8.2.4.7.4,80.8
v1792545740,Manitoba,2021A000246,Men+,65 years and over,Quality of consultation in the past 12 months - Very good or excellent,8.2.4.8.4,80.5
v1792545747,Manitoba,2021A000246,Men+,65 years and over,Quality of consultation in the past 12 months - Fair or poor,8.2.4.9.4,6.7
v1792545754,Manitoba,2021A000246,Men+,65 years and over,Experienced difficulties getting non-urgent primary health care in the past 12 months,8.2.4.10.4,23.2
v1792545761,Manitoba,2021A000246,Men+,65 years and over,Consulted a medical specialist for an initial consultation in the past 12 months,8.2.4.11.4,40.1
v1792545768,Manitoba,2021A000246,Men+,65 years and over,Experienced difficulties getting specialist care in the past 12 months,8.2.4.12.4,22.7
v1792545775,Manitoba,2021A000246,Men+,65 years and over,Level of coordination between health care providers in the past 12 months - Very good or excellent,8.2.4.13.4,61.3
v1792545782,Manitoba,2021A000246,Men+,65 years and over,Level of coordination between health care providers in the past 12 months - Fair or poor,8.2.4.14.4,13.2
v1792545789,Manitoba,2021A000246,Men+,65 years and over,Experienced discrimination in a health care setting in the past 12 months,8.2.4.15.4,3.1
v1792545796,Manitoba,2021A000246,Men+,65 years and over,Had unmet health care needs in the past 12 months,8.2.4.16.4,8.1
v1792545803,Manitoba,2021A000246,Men+,65 years and over,"Delayed or did not fill a prescription, or reduced or skipped doses of medication because of the cost in the past 12 months",8.2.4.17.4,7.1
v1792545810,Manitoba,2021A000246,Men+,65 years and over,Has insurance that covers all or part of the cost of prescription medications,8.2.4.18.4,61.1
v1792545817,Manitoba,2021A000246,Women+,"Total, 18 years and over",Has at least one chronic condition,8.3.1.1.4,54.0
v1792545824,Manitoba,2021A000246,Women+,"Total, 18 years and over",Perceived health - Very good or excellent,8.3.1.2.4,51.4
v1792545831,Manitoba,2021A000246,Women+,"Total, 18 years and over",Perceived health - Fair or poor,8.3.1.3.4,14.2
v1792545838,Manitoba,2021A000246,Women+,"Total, 18 years and over",Perceived mental health - Very good or excellent,8.3.1.4.4,46.7
v1792545845,Manitoba,2021A000246,Women+,"Total, 18 years and over",Perceived mental health - Fair or poor,8.3.1.5.4,17.9
v1792545852,Manitoba,2021A000246,Women+,"Total, 18 years and over",Has a regular health care provider,8.3.1.6.4,85.8
v1792545859,Manitoba,2021A000246,Women+,"Total, 18 years and over",Consulted a health care provider for a non-urgent primary health care need in the past 12 months,8.3.1.7.4,81.4
v1792545866,Manitoba,2021A000246,Women+,"Total, 18 years and over",Quality of consultation in the past 12 months - Very good or excellent,8.3.1.8.4,68.8
v1792545873,Manitoba,2021A000246,Women+,"Total, 18 years and over",Quality of consultation in the past 12 months - Fair or poor,8.3.1.9.4,10.1
v1792545880,Manitoba,2021A000246,Women+,"Total, 18 years and over",Experienced difficulties getting non-urgent primary health care in the past 12 months,8.3.1.10.4,38.3
v1792545887,Manitoba,2021A000246,Women+,"Total, 18 years and over",Consulted a medical specialist for an initial consultation in the past 12 months,8.3.1.11.4,32.9
v1792545894,Manitoba,2021A000246,Women+,"Total, 18 years and over",Experienced difficulties getting specialist care in the past 12 months,8.3.1.12.4,26.7
v1792545901,Manitoba,2021A000246,Women+,"Total, 18 years and over",Level of coordination between health care providers in the past 12 months - Very good or excellent,8.3.1.13.4,53.6
v1792545908,Manitoba,2021A000246,Women+,"Total, 18 years and over",Level of coordination between health care providers in the past 12 months - Fair or poor,8.3.1.14.4,22.8
v1792545915,Manitoba,2021A000246,Women+,"Total, 18 years and over",Experienced discrimination in a health care setting in the past 12 months,8.3.1.15.4,10.1
v1792545922,Manitoba,2021A000246,Women+,"Total, 18 years and over",Had unmet health care needs in the past 12 months,8.3.1.16.4,20.6
v1792545929,Manitoba,2021A000246,Women+,"Total, 18 years and over","Delayed or did not fill a prescription, or reduced or skipped doses of medication because of the cost in the past 12 months",8.3.1.17.4,16.3
v1792545936,Manitoba,2021A000246,Women+,"Total, 18 years and over",Has insurance that covers all or part of the cost of prescription medications,8.3.1.18.4,78.5
v1792545943,Manitoba,2021A000246,Women+,18 to 44 years,Has at least one chronic condition,8.3.2.1.4,36.9
v1792545950,Manitoba,2021A000246,Women+,18 to 44 years,Perceived health - Very good or excellent,8.3.2.2.4,57.9
v1792545957,Manitoba,2021A000246,Women+,18 to 44 years,Perceived health - Fair or poor,8.3.2.3.4,9.1
v1792545964,Manitoba,2021A000246,Women+,18 to 44 years,Perceived mental health - Very good or excellent,8.3.2.4.4,39.3
v1792545971,Manitoba,2021A000246,Women+,18 to 44 years,Perceived mental health - Fair or poor,8.3.2.5.4,23.4
v1792545978,Manitoba,2021A000246,Women+,18 to 44 years,Has a regular health care provider,8.3.2.6.4,79.1
v1792545985,Manitoba,2021A000246,Women+,18 to 44 years,Consulted a health care provider for a non-urgent primary health care need in the past 12 months,8.3.2.7.4,79.0
v1792545992,Manitoba,2021A000246,Women+,18 to 44 years,Quality of consultation in the past 12 months - Very good or excellent,8.3.2.8.4,59.9
v1792545999,Manitoba,2021A000246,Women+,18 to 44 years,Quality of consultation in the past 12 months - Fair or poor,8.3.2.9.4,13.7
v1792546006,Manitoba,2021A000246,Women+,18 to 44 years,Experienced difficulties getting non-urgent primary health care in the past 12 months,8.3.2.10.4,45.2
v1792546013,Manitoba,2021A000246,Women+,18 to 44 years,Consulted a medical specialist for an initial consultation in the past 12 months,8.3.2.11.4,29.9
v1792546020,Manitoba,2021A000246,Women+,18 to 44 years,Experienced difficulties getting specialist care in the past 12 months,8.3.2.12.4,28.9
v1792546027,Manitoba,2021A000246,Women+,18 to 44 years,Level of coordination between health care providers in the past 12 months - Very good or excellent,8.3.2.13.4,46.6
v1792546034,Manitoba,2021A000246,Women+,18 to 44 years,Level of coordination between health care providers in the past 12 months - Fair or poor,8.3.2.14.4,30.6
v1792546041,Manitoba,2021A000246,Women+,18 to 44 years,Experienced discrimination in a health care setting in the past 12 months,8.3.2.15.4,13.5
v1792546048,Manitoba,2021A000246,Women+,18 to 44 years,Had unmet health care needs in the past 12 months,8.3.2.16.4,26.3
v1792546055,Manitoba,2021A000246,Women+,18 to 44 years,"Delayed or did not fill a prescription, or reduced or skipped doses of medication because of the cost in the past 12 months",8.3.2.17.4,22.8
v1792546062,Manitoba,2021A000246,Women+,18 to 44 years,Has insurance that covers all or part of the cost of prescription medications,8.3.2.18.4,83.2
v1792546069,Manitoba,2021A000246,Women+,45 to 64 years,Has at least one chronic condition,8.3.3.1.4,60.1
v1792546076,Manitoba,2021A000246,Women+,45 to 64 years,Perceived health - Very good or excellent,8.3.3.2.4,50.2
v1792546083,Manitoba,2021A000246,Women+,45 to 64 years,Perceived health - Fair or poor,8.3.3.3.4,16.6
v1792546090,Manitoba,2021A000246,Women+,45 to 64 years,Perceived mental health - Very good or excellent,8.3.3.4.4,47.9
v1792546097,Manitoba,2021A000246,Women+,45 to 64 years,Perceived mental health - Fair or poor,8.3.3.5.4,14.8
v1792546104,Manitoba,2021A000246,Women+,45 to 64 years,Has a regular health care provider,8.3.3.6.4,90.4
v1792546111,Manitoba,2021A000246,Women+,45 to 64 years,Consulted a health care provider for a non-urgent primary health care need in the past 12 months,8.3.3.7.4,84.7
v1792546118,Manitoba,2021A000246,Women+,45 to 64 years,Quality of consultation in the past 12 months - Very good or excellent,8.3.3.8.4,74.1
v1792546125,Manitoba,2021A000246,Women+,45 to 64 years,Quality of consultation in the past 12 months - Fair or poor,8.3.3.9.4,8.8
v1792546132,Manitoba,2021A000246,Women+,45 to 64 years,Experienced difficulties getting non-urgent primary health care in the past 12 months,8.3.3.10.4,36.0
v1792546139,Manitoba,2021A000246,Women+,45 to 64 years,Consulted a medical specialist for an initial consultation in the past 12 months,8.3.3.11.4,35.9
v1792546146,Manitoba,2021A000246,Women+,45 to 64 years,Experienced difficulties getting specialist care in the past 12 months,8.3.3.12.4,27.9
v1792546153,Manitoba,2021A000246,Women+,45 to 64 years,Level of coordination between health care providers in the past 12 months - Very good or excellent,8.3.3.13.4,54.2
v1792546160,Manitoba,2021A000246,Women+,45 to 64 years,Level of coordination between health care providers in the past 12 months - Fair or poor,8.3.3.14.4,23.3
v1792546167,Manitoba,2021A000246,Women+,45 to 64 years,Experienced discrimination in a health care setting in the past 12 months,8.3.3.15.4,9.5
v1792546174,Manitoba,2021A000246,Women+,45 to 64 years,Had unmet health care needs in the past 12 months,8.3.3.16.4,17.4
v1792546181,Manitoba,2021A000246,Women+,45 to 64 years,"Delayed or did not fill a prescription, or reduced or skipped doses of medication because of the cost in the past 12 months",8.3.3.17.4,14.8
v1792546188,Manitoba,2021A000246,Women+,45 to 64 years,Has insurance that covers all or part of the cost of prescription medications,8.3.3.18.4,84.3
v1792546195,Manitoba,2021A000246,Women+,65 years and over,Has at least one chronic condition,8.3.4.1.4,80.9
v1792546202,Manitoba,2021A000246,Women+,65 years and over,Perceived health - Very good or excellent,8.3.4.2.4,39.8
v1792546209,Manitoba,2021A000246,Women+,65 years and over,Perceived health - Fair or poor,8.3.4.3.4,21.6
v1792546216,Manitoba,2021A000246,Women+,65 years and over,Perceived mental health - Very good or excellent,8.3.4.4.4,60.4
v1792546223,Manitoba,2021A000246,Women+,65 years and over,Perceived mental health - Fair or poor,8.3.4.5.4,10.7
v1792546230,Manitoba,2021A000246,Women+,65 years and over,Has a regular health care provider,8.3.4.6.4,93.8
v1792546237,Manitoba,2021A000246,Women+,65 years and over,Consulted a health care provider for a non-urgent primary health care need in the past 12 months,8.3.4.7.4,82.3
v1792546244,Manitoba,2021A000246,Women+,65 years and over,Quality of consultation in the past 12 months - Very good or excellent,8.3.4.8.4,79.3
v1792546251,Manitoba,2021A000246,Women+,65 years and over,Quality of consultation in the past 12 months - Fair or poor,8.3.4.9.4,4.5
v1792546258,Manitoba,2021A000246,Women+,65 years and over,Experienced difficulties getting non-urgent primary health care in the past 12 months,8.3.4.10.4,27.0
v1792546265,Manitoba,2021A000246,Women+,65 years and over,Consulted a medical specialist for an initial consultation in the past 12 months,8.3.4.11.4,35.3
v1792546272,Manitoba,2021A000246,Women+,65 years and over,Experienced difficulties getting specialist care in the past 12 months,8.3.4.12.4,20.7
v1792546279,Manitoba,2021A000246,Women+,65 years and over,Level of coordination between health care providers in the past 12 months - Very good or excellent,8.3.4.13.4,63.7
v1792546286,Manitoba,2021A000246,Women+,65 years and over,Level of coordination between health care providers in the past 12 months - Fair or poor,8.3.4.14.4,10.4
v1792546293,Manitoba,2021A000246,Women+,65 years and over,Experienced discrimination in a health care setting in the past 12 months,8.3.4.15.4,4.5
v1792546300,Manitoba,2021A000246,Women+,65 years and over,Had unmet health care needs in the past 12 months,8.3.4.16.4,13.2
v1792546307,Manitoba,2021A000246,Women+,65 years and over,"Delayed or did not fill a prescription, or reduced or skipped doses of medication because of the cost in the past 12 months",8.3.4.17.4,7.9
v1792546314,Manitoba,2021A000246,Women+,65 years and over,Has insurance that covers all or part of the cost of prescription medications,8.3.4.18.4,61.8
v1792546321,Saskatchewan,2021A000247,Both genders,"Total, 18 years and over",Has at least one chronic condition,9.1.1.1.4,53.9
v1792546328,Saskatchewan,2021A000247,Both genders,"Total, 18 years and over",Perceived health - Very good or excellent,9.1.1.2.4,52.0
v1792546335,Saskatchewan,2021A000247,Both genders,"Total, 18 years and over",Perceived health - Fair or poor,9.1.1.3.4,12.8
v1792546342,Saskatchewan,2021A000247,Both genders,"Total, 18 years and over",Perceived mental health - Very good or excellent,9.1.1.4.4,49.3
v1792546349,Saskatchewan,2021A000247,Both genders,"Total, 18 years and over",Perceived mental health - Fair or poor,9.1.1.5.4,18.0
v1792546356,Saskatchewan,2021A000247,Both genders,"Total, 18 years and over",Has a regular health care provider,9.1.1.6.4,81.7
v1792546363,Saskatchewan,2021A000247,Both genders,"Total, 18 years and over",Consulted a health care provider for a non-urgent primary health care need in the past 12 months,9.1.1.7.4,76.9
v1792546370,Saskatchewan,2021A000247,Both genders,"Total, 18 years and over",Quality of consultation in the past 12 months - Very good or excellent,9.1.1.8.4,70.0
v1792546377,Saskatchewan,2021A000247,Both genders,"Total, 18 years and over",Quality of consultation in the past 12 months - Fair or poor,9.1.1.9.4,11.0
v1792546384,Saskatchewan,2021A000247,Both genders,"Total, 18 years and over",Experienced difficulties getting non-urgent primary health care in the past 12 months,9.1.1.10.4,38.5
v1792546391,Saskatchewan,2021A000247,Both genders,"Total, 18 years and over",Consulted a medical specialist for an initial consultation in the past 12 months,9.1.1.11.4,28.5
v1792546398,Saskatchewan,2021A000247,Both genders,"Total, 18 years and over",Experienced difficulties getting specialist care in the past 12 months,9.1.1.12.4,28.9
v1792546405,Saskatchewan,2021A000247,Both genders,"Total, 18 years and over",Level of coordination between health care providers in the past 12 months - Very good or excellent,9.1.1.13.4,46.4
v1792548687,Alberta,2021A000248,Men+,45 to 64 years,Experienced discrimination in a health care setting in the past 12 months,10.2.3.15.4,4.9
v1792546412,Saskatchewan,2021A000247,Both genders,"Total, 18 years and over",Level of coordination between health care providers in the past 12 months - Fair or poor,9.1.1.14.4,25.6
v1792546419,Saskatchewan,2021A000247,Both genders,"Total, 18 years and over",Experienced discrimination in a health care setting in the past 12 months,9.1.1.15.4,9.6
v1792546426,Saskatchewan,2021A000247,Both genders,"Total, 18 years and over",Had unmet health care needs in the past 12 months,9.1.1.16.4,20.0
v1792546433,Saskatchewan,2021A000247,Both genders,"Total, 18 years and over","Delayed or did not fill a prescription, or reduced or skipped doses of medication because of the cost in the past 12 months",9.1.1.17.4,13.3
v1792546440,Saskatchewan,2021A000247,Both genders,"Total, 18 years and over",Has insurance that covers all or part of the cost of prescription medications,9.1.1.18.4,81.1
v1792546447,Saskatchewan,2021A000247,Both genders,18 to 44 years,Has at least one chronic condition,9.1.2.1.4,39.2
v1792546454,Saskatchewan,2021A000247,Both genders,18 to 44 years,Perceived health - Very good or excellent,9.1.2.2.4,58.2
v1792546461,Saskatchewan,2021A000247,Both genders,18 to 44 years,Perceived health - Fair or poor,9.1.2.3.4,8.1
v1792546468,Saskatchewan,2021A000247,Both genders,18 to 44 years,Perceived mental health - Very good or excellent,9.1.2.4.4,42.9
v1792546475,Saskatchewan,2021A000247,Both genders,18 to 44 years,Perceived mental health - Fair or poor,9.1.2.5.4,23.9
v1792546482,Saskatchewan,2021A000247,Both genders,18 to 44 years,Has a regular health care provider,9.1.2.6.4,74.4
v1792546489,Saskatchewan,2021A000247,Both genders,18 to 44 years,Consulted a health care provider for a non-urgent primary health care need in the past 12 months,9.1.2.7.4,72.8
v1792546496,Saskatchewan,2021A000247,Both genders,18 to 44 years,Quality of consultation in the past 12 months - Very good or excellent,9.1.2.8.4,63.9
v1792546503,Saskatchewan,2021A000247,Both genders,18 to 44 years,Quality of consultation in the past 12 months - Fair or poor,9.1.2.9.4,15.9
v1792546510,Saskatchewan,2021A000247,Both genders,18 to 44 years,Experienced difficulties getting non-urgent primary health care in the past 12 months,9.1.2.10.4,45.3
v1792546517,Saskatchewan,2021A000247,Both genders,18 to 44 years,Consulted a medical specialist for an initial consultation in the past 12 months,9.1.2.11.4,24.4
v1792546524,Saskatchewan,2021A000247,Both genders,18 to 44 years,Experienced difficulties getting specialist care in the past 12 months,9.1.2.12.4,32.4
v1792546531,Saskatchewan,2021A000247,Both genders,18 to 44 years,Level of coordination between health care providers in the past 12 months - Very good or excellent,9.1.2.13.4,35.3
v1792546538,Saskatchewan,2021A000247,Both genders,18 to 44 years,Level of coordination between health care providers in the past 12 months - Fair or poor,9.1.2.14.4,35.0
v1792546545,Saskatchewan,2021A000247,Both genders,18 to 44 years,Experienced discrimination in a health care setting in the past 12 months,9.1.2.15.4,14.0
v1792546552,Saskatchewan,2021A000247,Both genders,18 to 44 years,Had unmet health care needs in the past 12 months,9.1.2.16.4,24.8
v1792546559,Saskatchewan,2021A000247,Both genders,18 to 44 years,"Delayed or did not fill a prescription, or reduced or skipped doses of medication because of the cost in the past 12 months",9.1.2.17.4,17.3
v1792546566,Saskatchewan,2021A000247,Both genders,18 to 44 years,Has insurance that covers all or part of the cost of prescription medications,9.1.2.18.4,83.9
v1792546573,Saskatchewan,2021A000247,Both genders,45 to 64 years,Has at least one chronic condition,9.1.3.1.4,57.3
v1792546580,Saskatchewan,2021A000247,Both genders,45 to 64 years,Perceived health - Very good or excellent,9.1.3.2.4,52.4
v1792546587,Saskatchewan,2021A000247,Both genders,45 to 64 years,Perceived health - Fair or poor,9.1.3.3.4,14.2
v1792546594,Saskatchewan,2021A000247,Both genders,45 to 64 years,Perceived mental health - Very good or excellent,9.1.3.4.4,53.1
v1792546601,Saskatchewan,2021A000247,Both genders,45 to 64 years,Perceived mental health - Fair or poor,9.1.3.5.4,15.5
v1792546608,Saskatchewan,2021A000247,Both genders,45 to 64 years,Has a regular health care provider,9.1.3.6.4,85.9
v1792546615,Saskatchewan,2021A000247,Both genders,45 to 64 years,Consulted a health care provider for a non-urgent primary health care need in the past 12 months,9.1.3.7.4,79.6
v1792546622,Saskatchewan,2021A000247,Both genders,45 to 64 years,Quality of consultation in the past 12 months - Very good or excellent,9.1.3.8.4,72.1
v1792546629,Saskatchewan,2021A000247,Both genders,45 to 64 years,Quality of consultation in the past 12 months - Fair or poor,9.1.3.9.4,8.9
v1792546636,Saskatchewan,2021A000247,Both genders,45 to 64 years,Experienced difficulties getting non-urgent primary health care in the past 12 months,9.1.3.10.4,36.6
v1792546643,Saskatchewan,2021A000247,Both genders,45 to 64 years,Consulted a medical specialist for an initial consultation in the past 12 months,9.1.3.11.4,28.9
v1792546650,Saskatchewan,2021A000247,Both genders,45 to 64 years,Experienced difficulties getting specialist care in the past 12 months,9.1.3.12.4,29.2
v1792546657,Saskatchewan,2021A000247,Both genders,45 to 64 years,Level of coordination between health care providers in the past 12 months - Very good or excellent,9.1.3.13.4,52.0
v1792546664,Saskatchewan,2021A000247,Both genders,45 to 64 years,Level of coordination between health care providers in the past 12 months - Fair or poor,9.1.3.14.4,22.0
v1792546671,Saskatchewan,2021A000247,Both genders,45 to 64 years,Experienced discrimination in a health care setting in the past 12 months,9.1.3.15.4,7.3
v1792546678,Saskatchewan,2021A000247,Both genders,45 to 64 years,Had unmet health care needs in the past 12 months,9.1.3.16.4,18.9
v1792546685,Saskatchewan,2021A000247,Both genders,45 to 64 years,"Delayed or did not fill a prescription, or reduced or skipped doses of medication because of the cost in the past 12 months",9.1.3.17.4,13.3
v1792546692,Saskatchewan,2021A000247,Both genders,45 to 64 years,Has insurance that covers all or part of the cost of prescription medications,9.1.3.18.4,84.5
v1792546699,Saskatchewan,2021A000247,Both genders,65 years and over,Has at least one chronic condition,9.1.4.1.4,80.0
v1792546706,Saskatchewan,2021A000247,Both genders,65 years and over,Perceived health - Very good or excellent,9.1.4.2.4,38.7
v1792546713,Saskatchewan,2021A000247,Both genders,65 years and over,Perceived health - Fair or poor,9.1.4.3.4,20.8
v1792546720,Saskatchewan,2021A000247,Both genders,65 years and over,Perceived mental health - Very good or excellent,9.1.4.4.4,57.9
v1792546727,Saskatchewan,2021A000247,Both genders,65 years and over,Perceived mental health - Fair or poor,9.1.4.5.4,8.7
v1792546734,Saskatchewan,2021A000247,Both genders,65 years and over,Has a regular health care provider,9.1.4.6.4,91.6
v1792546741,Saskatchewan,2021A000247,Both genders,65 years and over,Consulted a health care provider for a non-urgent primary health care need in the past 12 months,9.1.4.7.4,81.8
v1792546748,Saskatchewan,2021A000247,Both genders,65 years and over,Quality of consultation in the past 12 months - Very good or excellent,9.1.4.8.4,78.7
v1792546755,Saskatchewan,2021A000247,Both genders,65 years and over,Quality of consultation in the past 12 months - Fair or poor,9.1.4.9.4,4.5
v1792546762,Saskatchewan,2021A000247,Both genders,65 years and over,Experienced difficulties getting non-urgent primary health care in the past 12 months,9.1.4.10.4,26.6
v1792546769,Saskatchewan,2021A000247,Both genders,65 years and over,Consulted a medical specialist for an initial consultation in the past 12 months,9.1.4.11.4,36.7
v1792546776,Saskatchewan,2021A000247,Both genders,65 years and over,Experienced difficulties getting specialist care in the past 12 months,9.1.4.12.4,20.7
v1792546783,Saskatchewan,2021A000247,Both genders,65 years and over,Level of coordination between health care providers in the past 12 months - Very good or excellent,9.1.4.13.4,57.7
v1792546790,Saskatchewan,2021A000247,Both genders,65 years and over,Level of coordination between health care providers in the past 12 months - Fair or poor,9.1.4.14.4,14.8
v1792546797,Saskatchewan,2021A000247,Both genders,65 years and over,Experienced discrimination in a health care setting in the past 12 months,9.1.4.15.4,4.2
v1792546804,Saskatchewan,2021A000247,Both genders,65 years and over,Had unmet health care needs in the past 12 months,9.1.4.16.4,11.0
v1792546811,Saskatchewan,2021A000247,Both genders,65 years and over,"Delayed or did not fill a prescription, or reduced or skipped doses of medication because of the cost in the past 12 months",9.1.4.17.4,7.2
v1792546818,Saskatchewan,2021A000247,Both genders,65 years and over,Has insurance that covers all or part of the cost of prescription medications,9.1.4.18.4,70.6
v1792546825,Saskatchewan,2021A000247,Men+,"Total, 18 years and over",Has at least one chronic condition,9.2.1.1.4,52.4
v1792546832,Saskatchewan,2021A000247,Men+,"Total, 18 years and over",Perceived health - Very good or excellent,9.2.1.2.4,53.9
v1792546839,Saskatchewan,2021A000247,Men+,"Total, 18 years and over",Perceived health - Fair or poor,9.2.1.3.4,12.4
v1792546846,Saskatchewan,2021A000247,Men+,"Total, 18 years and over",Perceived mental health - Very good or excellent,9.2.1.4.4,51.5
v1792546853,Saskatchewan,2021A000247,Men+,"Total, 18 years and over",Perceived mental health - Fair or poor,9.2.1.5.4,17.0
v1792546860,Saskatchewan,2021A000247,Men+,"Total, 18 years and over",Has a regular health care provider,9.2.1.6.4,78.1
v1792546867,Saskatchewan,2021A000247,Men+,"Total, 18 years and over",Consulted a health care provider for a non-urgent primary health care need in the past 12 months,9.2.1.7.4,71.4
v1792546874,Saskatchewan,2021A000247,Men+,"Total, 18 years and over",Quality of consultation in the past 12 months - Very good or excellent,9.2.1.8.4,68.9
v1792546881,Saskatchewan,2021A000247,Men+,"Total, 18 years and over",Quality of consultation in the past 12 months - Fair or poor,9.2.1.9.4,9.8
v1792546888,Saskatchewan,2021A000247,Men+,"Total, 18 years and over",Experienced difficulties getting non-urgent primary health care in the past 12 months,9.2.1.10.4,34.2
v1792546895,Saskatchewan,2021A000247,Men+,"Total, 18 years and over",Consulted a medical specialist for an initial consultation in the past 12 months,9.2.1.11.4,24.6
v1792546902,Saskatchewan,2021A000247,Men+,"Total, 18 years and over",Experienced difficulties getting specialist care in the past 12 months,9.2.1.12.4,26.0
v1792546909,Saskatchewan,2021A000247,Men+,"Total, 18 years and over",Level of coordination between health care providers in the past 12 months - Very good or excellent,9.2.1.13.4,46.5
v1792546916,Saskatchewan,2021A000247,Men+,"Total, 18 years and over",Level of coordination between health care providers in the past 12 months - Fair or poor,9.2.1.14.4,24.6
v1792546923,Saskatchewan,2021A000247,Men+,"Total, 18 years and over",Experienced discrimination in a health care setting in the past 12 months,9.2.1.15.4,6.8
v1792546930,Saskatchewan,2021A000247,Men+,"Total, 18 years and over",Had unmet health care needs in the past 12 months,9.2.1.16.4,17.4
v1792546937,Saskatchewan,2021A000247,Men+,"Total, 18 years and over","Delayed or did not fill a prescription, or reduced or skipped doses of medication because of the cost in the past 12 months",9.2.1.17.4,13.2
v1792546944,Saskatchewan,2021A000247,Men+,"Total, 18 years and over",Has insurance that covers all or part of the cost of prescription medications,9.2.1.18.4,80.6
v1792546951,Saskatchewan,2021A000247,Men+,18 to 44 years,Has at least one chronic condition,9.2.2.1.4,36.2
v1792546958,Saskatchewan,2021A000247,Men+,18 to 44 years,Perceived health - Very good or excellent,9.2.2.2.4,63.3
v1792546965,Saskatchewan,2021A000247,Men+,18 to 44 years,Perceived health - Fair or poor,9.2.2.3.4,6.1
v1792546972,Saskatchewan,2021A000247,Men+,18 to 44 years,Perceived mental health - Very good or excellent,9.2.2.4.4,46.8
v1792546979,Saskatchewan,2021A000247,Men+,18 to 44 years,Perceived mental health - Fair or poor,9.2.2.5.4,20.8
v1792546986,Saskatchewan,2021A000247,Men+,18 to 44 years,Has a regular health care provider,9.2.2.6.4,68.8
v1792546993,Saskatchewan,2021A000247,Men+,18 to 44 years,Consulted a health care provider for a non-urgent primary health care need in the past 12 months,9.2.2.7.4,63.2
v1792547000,Saskatchewan,2021A000247,Men+,18 to 44 years,Quality of consultation in the past 12 months - Very good or excellent,9.2.2.8.4,62.4
v1792547007,Saskatchewan,2021A000247,Men+,18 to 44 years,Quality of consultation in the past 12 months - Fair or poor,9.2.2.9.4,15.4
v1792547014,Saskatchewan,2021A000247,Men+,18 to 44 years,Experienced difficulties getting non-urgent primary health care in the past 12 months,9.2.2.10.4,37.0
v1792547021,Saskatchewan,2021A000247,Men+,18 to 44 years,Consulted a medical specialist for an initial consultation in the past 12 months,9.2.2.11.4,18.5
v1792547028,Saskatchewan,2021A000247,Men+,18 to 44 years,Experienced difficulties getting specialist care in the past 12 months,9.2.2.12.4,27.5
v1792547035,Saskatchewan,2021A000247,Men+,18 to 44 years,Level of coordination between health care providers in the past 12 months - Very good or excellent,9.2.2.13.4,33.8
v1792547042,Saskatchewan,2021A000247,Men+,18 to 44 years,Level of coordination between health care providers in the past 12 months - Fair or poor,9.2.2.14.4,37.0
v1792547049,Saskatchewan,2021A000247,Men+,18 to 44 years,Experienced discrimination in a health care setting in the past 12 months,9.2.2.15.4,11.6
v1792547056,Saskatchewan,2021A000247,Men+,18 to 44 years,Had unmet health care needs in the past 12 months,9.2.2.16.4,20.9
v1792547063,Saskatchewan,2021A000247,Men+,18 to 44 years,"Delayed or did not fill a prescription, or reduced or skipped doses of medication because of the cost in the past 12 months",9.2.2.17.4,16.9
v1792547070,Saskatchewan,2021A000247,Men+,18 to 44 years,Has insurance that covers all or part of the cost of prescription medications,9.2.2.18.4,82.7
v1792547077,Saskatchewan,2021A000247,Men+,45 to 64 years,Has at least one chronic condition,9.2.3.1.4,56.8
v1792547084,Saskatchewan,2021A000247,Men+,45 to 64 years,Perceived health - Very good or excellent,9.2.3.2.4,51.2
v1792547091,Saskatchewan,2021A000247,Men+,45 to 64 years,Perceived health - Fair or poor,9.2.3.3.4,14.7
v1792547098,Saskatchewan,2021A000247,Men+,45 to 64 years,Perceived mental health - Very good or excellent,9.2.3.4.4,53.9
v1792547105,Saskatchewan,2021A000247,Men+,45 to 64 years,Perceived mental health - Fair or poor,9.2.3.5.4,16.4
v1792547112,Saskatchewan,2021A000247,Men+,45 to 64 years,Has a regular health care provider,9.2.3.6.4,82.6
v1792547119,Saskatchewan,2021A000247,Men+,45 to 64 years,Consulted a health care provider for a non-urgent primary health care need in the past 12 months,9.2.3.7.4,77.9
v1792547126,Saskatchewan,2021A000247,Men+,45 to 64 years,Quality of consultation in the past 12 months - Very good or excellent,9.2.3.8.4,70.6
v1792547133,Saskatchewan,2021A000247,Men+,45 to 64 years,Quality of consultation in the past 12 months - Fair or poor,9.2.3.9.4,7.4
v1792547140,Saskatchewan,2021A000247,Men+,45 to 64 years,Experienced difficulties getting non-urgent primary health care in the past 12 months,9.2.3.10.4,34.9
v1792547147,Saskatchewan,2021A000247,Men+,45 to 64 years,Consulted a medical specialist for an initial consultation in the past 12 months,9.2.3.11.4,25.1
v1792547154,Saskatchewan,2021A000247,Men+,45 to 64 years,Experienced difficulties getting specialist care in the past 12 months,9.2.3.12.4,27.7
v1792547161,Saskatchewan,2021A000247,Men+,45 to 64 years,Level of coordination between health care providers in the past 12 months - Very good or excellent,9.2.3.13.4,51.4
v1792547168,Saskatchewan,2021A000247,Men+,45 to 64 years,Level of coordination between health care providers in the past 12 months - Fair or poor,9.2.3.14.4,20.2
v1792547175,Saskatchewan,2021A000247,Men+,45 to 64 years,Experienced discrimination in a health care setting in the past 12 months,9.2.3.15.4,4.0
v1792547182,Saskatchewan,2021A000247,Men+,45 to 64 years,Had unmet health care needs in the past 12 months,9.2.3.16.4,17.7
v1792547189,Saskatchewan,2021A000247,Men+,45 to 64 years,"Delayed or did not fill a prescription, or reduced or skipped doses of medication because of the cost in the past 12 months",9.2.3.17.4,13.6
v1792547196,Saskatchewan,2021A000247,Men+,45 to 64 years,Has insurance that covers all or part of the cost of prescription medications,9.2.3.18.4,83.9
v1792547203,Saskatchewan,2021A000247,Men+,65 years and over,Has at least one chronic condition,9.2.4.1.4,82.2
v1792547210,Saskatchewan,2021A000247,Men+,65 years and over,Perceived health - Very good or excellent,9.2.4.2.4,36.5
v1792547217,Saskatchewan,2021A000247,Men+,65 years and over,Perceived health - Fair or poor,9.2.4.3.4,23.4
v1792547224,Saskatchewan,2021A000247,Men+,65 years and over,Perceived mental health - Very good or excellent,9.2.4.4.4,58.8
v1792547231,Saskatchewan,2021A000247,Men+,65 years and over,Perceived mental health - Fair or poor,9.2.4.5.4,9.0
v1792547238,Saskatchewan,2021A000247,Men+,65 years and over,Has a regular health care provider,9.2.4.6.4,92.8
v1792547245,Saskatchewan,2021A000247,Men+,65 years and over,Consulted a health care provider for a non-urgent primary health care need in the past 12 months,9.2.4.7.4,81.3
v1792547252,Saskatchewan,2021A000247,Men+,65 years and over,Quality of consultation in the past 12 months - Very good or excellent,9.2.4.8.4,78.0
v1792547259,Saskatchewan,2021A000247,Men+,65 years and over,Quality of consultation in the past 12 months - Fair or poor,9.2.4.9.4,3.2
v1792547266,Saskatchewan,2021A000247,Men+,65 years and over,Experienced difficulties getting non-urgent primary health care in the past 12 months,9.2.4.10.4,26.6
v1792547273,Saskatchewan,2021A000247,Men+,65 years and over,Consulted a medical specialist for an initial consultation in the past 12 months,9.2.4.11.4,37.7
v1792547280,Saskatchewan,2021A000247,Men+,65 years and over,Experienced difficulties getting specialist care in the past 12 months,9.2.4.12.4,20.3
v1792547287,Saskatchewan,2021A000247,Men+,65 years and over,Level of coordination between health care providers in the past 12 months - Very good or excellent,9.2.4.13.4,58.0
v1792547294,Saskatchewan,2021A000247,Men+,65 years and over,Level of coordination between health care providers in the past 12 months - Fair or poor,9.2.4.14.4,12.9
v1792547308,Saskatchewan,2021A000247,Men+,65 years and over,Had unmet health care needs in the past 12 months,9.2.4.16.4,9.0
v1792547315,Saskatchewan,2021A000247,Men+,65 years and over,"Delayed or did not fill a prescription, or reduced or skipped doses of medication because of the cost in the past 12 months",9.2.4.17.4,7.6
v1792547322,Saskatchewan,2021A000247,Men+,65 years and over,Has insurance that covers all or part of the cost of prescription medications,9.2.4.18.4,71.2
v1792547329,Saskatchewan,2021A000247,Women+,"Total, 18 years and over",Has at least one chronic condition,9.3.1.1.4,55.4
v1792547336,Saskatchewan,2021A000247,Women+,"Total, 18 years and over",Perceived health - Very good or excellent,9.3.1.2.4,50.2
v1792547343,Saskatchewan,2021A000247,Women+,"Total, 18 years and over",Perceived health - Fair or poor,9.3.1.3.4,13.2
v1792547350,Saskatchewan,2021A000247,Women+,"Total, 18 years and over",Perceived mental health - Very good or excellent,9.3.1.4.4,47.2
v1792547357,Saskatchewan,2021A000247,Women+,"Total, 18 years and over",Perceived mental health - Fair or poor,9.3.1.5.4,19.0
v1792547364,Saskatchewan,2021A000247,Women+,"Total, 18 years and over",Has a regular health care provider,9.3.1.6.4,85.4
v1792547371,Saskatchewan,2021A000247,Women+,"Total, 18 years and over",Consulted a health care provider for a non-urgent primary health care need in the past 12 months,9.3.1.7.4,82.2
v1792547378,Saskatchewan,2021A000247,Women+,"Total, 18 years and over",Quality of consultation in the past 12 months - Very good or excellent,9.3.1.8.4,71.0
v1792547385,Saskatchewan,2021A000247,Women+,"Total, 18 years and over",Quality of consultation in the past 12 months - Fair or poor,9.3.1.9.4,12.1
v1792547392,Saskatchewan,2021A000247,Women+,"Total, 18 years and over",Experienced difficulties getting non-urgent primary health care in the past 12 months,9.3.1.10.4,42.8
v1792547399,Saskatchewan,2021A000247,Women+,"Total, 18 years and over",Consulted a medical specialist for an initial consultation in the past 12 months,9.3.1.11.4,32.5
v1792547406,Saskatchewan,2021A000247,Women+,"Total, 18 years and over",Experienced difficulties getting specialist care in the past 12 months,9.3.1.12.4,31.6
v1792547413,Saskatchewan,2021A000247,Women+,"Total, 18 years and over",Level of coordination between health care providers in the past 12 months - Very good or excellent,9.3.1.13.4,46.4
v1792547420,Saskatchewan,2021A000247,Women+,"Total, 18 years and over",Level of coordination between health care providers in the past 12 months - Fair or poor,9.3.1.14.4,26.4
v1792547427,Saskatchewan,2021A000247,Women+,"Total, 18 years and over",Experienced discrimination in a health care setting in the past 12 months,9.3.1.15.4,11.9
v1792547434,Saskatchewan,2021A000247,Women+,"Total, 18 years and over",Had unmet health care needs in the past 12 months,9.3.1.16.4,22.5
v1792547441,Saskatchewan,2021A000247,Women+,"Total, 18 years and over","Delayed or did not fill a prescription, or reduced or skipped doses of medication because of the cost in the past 12 months",9.3.1.17.4,13.4
v1792547448,Saskatchewan,2021A000247,Women+,"Total, 18 years and over",Has insurance that covers all or part of the cost of prescription medications,9.3.1.18.4,81.6
v1792547455,Saskatchewan,2021A000247,Women+,18 to 44 years,Has at least one chronic condition,9.3.2.1.4,42.3
v1792547462,Saskatchewan,2021A000247,Women+,18 to 44 years,Perceived health - Very good or excellent,9.3.2.2.4,52.8
v1792547469,Saskatchewan,2021A000247,Women+,18 to 44 years,Perceived health - Fair or poor,9.3.2.3.4,10.2
v1792547476,Saskatchewan,2021A000247,Women+,18 to 44 years,Perceived mental health - Very good or excellent,9.3.2.4.4,38.9
v1792547483,Saskatchewan,2021A000247,Women+,18 to 44 years,Perceived mental health - Fair or poor,9.3.2.5.4,27.2
v1792547490,Saskatchewan,2021A000247,Women+,18 to 44 years,Has a regular health care provider,9.3.2.6.4,80.3
v1792547497,Saskatchewan,2021A000247,Women+,18 to 44 years,Consulted a health care provider for a non-urgent primary health care need in the past 12 months,9.3.2.7.4,82.9
v1792547504,Saskatchewan,2021A000247,Women+,18 to 44 years,Quality of consultation in the past 12 months - Very good or excellent,9.3.2.8.4,65.2
v1792547511,Saskatchewan,2021A000247,Women+,18 to 44 years,Quality of consultation in the past 12 months - Fair or poor,9.3.2.9.4,16.3
v1792547518,Saskatchewan,2021A000247,Women+,18 to 44 years,Experienced difficulties getting non-urgent primary health care in the past 12 months,9.3.2.10.4,53.7
v1792547525,Saskatchewan,2021A000247,Women+,18 to 44 years,Consulted a medical specialist for an initial consultation in the past 12 months,9.3.2.11.4,30.6
v1792547532,Saskatchewan,2021A000247,Women+,18 to 44 years,Experienced difficulties getting specialist care in the past 12 months,9.3.2.12.4,37.4
v1792547539,Saskatchewan,2021A000247,Women+,18 to 44 years,Level of coordination between health care providers in the past 12 months - Very good or excellent,9.3.2.13.4,36.2
v1792547546,Saskatchewan,2021A000247,Women+,18 to 44 years,Level of coordination between health care providers in the past 12 months - Fair or poor,9.3.2.14.4,33.7
v1792547553,Saskatchewan,2021A000247,Women+,18 to 44 years,Experienced discrimination in a health care setting in the past 12 months,9.3.2.15.4,15.8
v1792547560,Saskatchewan,2021A000247,Women+,18 to 44 years,Had unmet health care needs in the past 12 months,9.3.2.16.4,28.9
v1792547567,Saskatchewan,2021A000247,Women+,18 to 44 years,"Delayed or did not fill a prescription, or reduced or skipped doses of medication because of the cost in the past 12 months",9.3.2.17.4,17.5
v1792547574,Saskatchewan,2021A000247,Women+,18 to 44 years,Has insurance that covers all or part of the cost of prescription medications,9.3.2.18.4,85.1
v1792547581,Saskatchewan,2021A000247,Women+,45 to 64 years,Has at least one chronic condition,9.3.3.1.4,57.7
v1792547588,Saskatchewan,2021A000247,Women+,45 to 64 years,Perceived health - Very good or excellent,9.3.3.2.4,53.6
v1792547595,Saskatchewan,2021A000247,Women+,45 to 64 years,Perceived health - Fair or poor,9.3.3.3.4,13.6
v1792547602,Saskatchewan,2021A000247,Women+,45 to 64 years,Perceived mental health - Very good or excellent,9.3.3.4.4,52.3
v1792547609,Saskatchewan,2021A000247,Women+,45 to 64 years,Perceived mental health - Fair or poor,9.3.3.5.4,14.6
v1792547616,Saskatchewan,2021A000247,Women+,45 to 64 years,Has a regular health care provider,9.3.3.6.4,89.2
v1792547623,Saskatchewan,2021A000247,Women+,45 to 64 years,Consulted a health care provider for a non-urgent primary health care need in the past 12 months,9.3.3.7.4,81.2
v1792547630,Saskatchewan,2021A000247,Women+,45 to 64 years,Quality of consultation in the past 12 months - Very good or excellent,9.3.3.8.4,73.6
v1792547637,Saskatchewan,2021A000247,Women+,45 to 64 years,Quality of consultation in the past 12 months - Fair or poor,9.3.3.9.4,10.4
v1792547644,Saskatchewan,2021A000247,Women+,45 to 64 years,Experienced difficulties getting non-urgent primary health care in the past 12 months,9.3.3.10.4,38.4
v1792547651,Saskatchewan,2021A000247,Women+,45 to 64 years,Consulted a medical specialist for an initial consultation in the past 12 months,9.3.3.11.4,32.7
v1792547658,Saskatchewan,2021A000247,Women+,45 to 64 years,Experienced difficulties getting specialist care in the past 12 months,9.3.3.12.4,30.8
v1792547665,Saskatchewan,2021A000247,Women+,45 to 64 years,Level of coordination between health care providers in the past 12 months - Very good or excellent,9.3.3.13.4,52.5
v1792547672,Saskatchewan,2021A000247,Women+,45 to 64 years,Level of coordination between health care providers in the past 12 months - Fair or poor,9.3.3.14.4,23.5
v1792547679,Saskatchewan,2021A000247,Women+,45 to 64 years,Experienced discrimination in a health care setting in the past 12 months,9.3.3.15.4,10.5
v1792547686,Saskatchewan,2021A000247,Women+,45 to 64 years,Had unmet health care needs in the past 12 months,9.3.3.16.4,20.2
v1792547693,Saskatchewan,2021A000247,Women+,45 to 64 years,"Delayed or did not fill a prescription, or reduced or skipped doses of medication because of the cost in the past 12 months",9.3.3.17.4,13.0
v1792547700,Saskatchewan,2021A000247,Women+,45 to 64 years,Has insurance that covers all or part of the cost of prescription medications,9.3.3.18.4,85.1
v1792547707,Saskatchewan,2021A000247,Women+,65 years and over,Has at least one chronic condition,9.3.4.1.4,78.0
v1792547714,Saskatchewan,2021A000247,Women+,65 years and over,Perceived health - Very good or excellent,9.3.4.2.4,40.8
v1792547721,Saskatchewan,2021A000247,Women+,65 years and over,Perceived health - Fair or poor,9.3.4.3.4,18.5
v1792547728,Saskatchewan,2021A000247,Women+,65 years and over,Perceived mental health - Very good or excellent,9.3.4.4.4,57.2
v1792547735,Saskatchewan,2021A000247,Women+,65 years and over,Perceived mental health - Fair or poor,9.3.4.5.4,8.5
v1792547742,Saskatchewan,2021A000247,Women+,65 years and over,Has a regular health care provider,9.3.4.6.4,90.5
v1792547749,Saskatchewan,2021A000247,Women+,65 years and over,Consulted a health care provider for a non-urgent primary health care need in the past 12 months,9.3.4.7.4,82.2
v1792547756,Saskatchewan,2021A000247,Women+,65 years and over,Quality of consultation in the past 12 months - Very good or excellent,9.3.4.8.4,79.3
v1792547763,Saskatchewan,2021A000247,Women+,65 years and over,Quality of consultation in the past 12 months - Fair or poor,9.3.4.9.4,5.7
v1792547770,Saskatchewan,2021A000247,Women+,65 years and over,Experienced difficulties getting non-urgent primary health care in the past 12 months,9.3.4.10.4,26.7
v1792547777,Saskatchewan,2021A000247,Women+,65 years and over,Consulted a medical specialist for an initial consultation in the past 12 months,9.3.4.11.4,35.8
v1792547784,Saskatchewan,2021A000247,Women+,65 years and over,Experienced difficulties getting specialist care in the past 12 months,9.3.4.12.4,21.1
v1792547791,Saskatchewan,2021A000247,Women+,65 years and over,Level of coordination between health care providers in the past 12 months - Very good or excellent,9.3.4.13.4,57.5
v1792547798,Saskatchewan,2021A000247,Women+,65 years and over,Level of coordination between health care providers in the past 12 months - Fair or poor,9.3.4.14.4,16.6
v1792547805,Saskatchewan,2021A000247,Women+,65 years and over,Experienced discrimination in a health care setting in the past 12 months,9.3.4.15.4,6.1
v1792547812,Saskatchewan,2021A000247,Women+,65 years and over,Had unmet health care needs in the past 12 months,9.3.4.16.4,12.8
v1792547819,Saskatchewan,2021A000247,Women+,65 years and over,"Delayed or did not fill a prescription, or reduced or skipped doses of medication because of the cost in the past 12 months",9.3.4.17.4,6.8
v1792547826,Saskatchewan,2021A000247,Women+,65 years and over,Has insurance that covers all or part of the cost of prescription medications,9.3.4.18.4,70.0
v1792547833,Alberta,2021A000248,Both genders,"Total, 18 years and over",Has at least one chronic condition,10.1.1.1.4,51.6
v1792547840,Alberta,2021A000248,Both genders,"Total, 18 years and over",Perceived health - Very good or excellent,10.1.1.2.4,54.7
v1792547847,Alberta,2021A000248,Both genders,"Total, 18 years and over",Perceived health - Fair or poor,10.1.1.3.4,13.2
v1792547854,Alberta,2021A000248,Both genders,"Total, 18 years and over",Perceived mental health - Very good or excellent,10.1.1.4.4,54.4
v1792547861,Alberta,2021A000248,Both genders,"Total, 18 years and over",Perceived mental health - Fair or poor,10.1.1.5.4,16.1
v1792547868,Alberta,2021A000248,Both genders,"Total, 18 years and over",Has a regular health care provider,10.1.1.6.4,83.7
v1792547875,Alberta,2021A000248,Both genders,"Total, 18 years and over",Consulted a health care provider for a non-urgent primary health care need in the past 12 months,10.1.1.7.4,78.4
v1792547882,Alberta,2021A000248,Both genders,"Total, 18 years and over",Quality of consultation in the past 12 months - Very good or excellent,10.1.1.8.4,71.5
v1792547889,Alberta,2021A000248,Both genders,"Total, 18 years and over",Quality of consultation in the past 12 months - Fair or poor,10.1.1.9.4,9.8
v1792547896,Alberta,2021A000248,Both genders,"Total, 18 years and over",Experienced difficulties getting non-urgent primary health care in the past 12 months,10.1.1.10.4,37.5
v1792547903,Alberta,2021A000248,Both genders,"Total, 18 years and over",Consulted a medical specialist for an initial consultation in the past 12 months,10.1.1.11.4,33.9
v1792547910,Alberta,2021A000248,Both genders,"Total, 18 years and over",Experienced difficulties getting specialist care in the past 12 months,10.1.1.12.4,29.8
v1792547917,Alberta,2021A000248,Both genders,"Total, 18 years and over",Level of coordination between health care providers in the past 12 months - Very good or excellent,10.1.1.13.4,54.1
v1792547924,Alberta,2021A000248,Both genders,"Total, 18 years and over",Level of coordination between health care providers in the past 12 months - Fair or poor,10.1.1.14.4,19.9
v1792547931,Alberta,2021A000248,Both genders,"Total, 18 years and over",Experienced discrimination in a health care setting in the past 12 months,10.1.1.15.4,9.2
v1792547938,Alberta,2021A000248,Both genders,"Total, 18 years and over",Had unmet health care needs in the past 12 months,10.1.1.16.4,19.3
v1792547945,Alberta,2021A000248,Both genders,"Total, 18 years and over","Delayed or did not fill a prescription, or reduced or skipped doses of medication because of the cost in the past 12 months",10.1.1.17.4,16.0
v1792547952,Alberta,2021A000248,Both genders,"Total, 18 years and over",Has insurance that covers all or part of the cost of prescription medications,10.1.1.18.4,85.5
v1792547959,Alberta,2021A000248,Both genders,18 to 44 years,Has at least one chronic condition,10.1.2.1.4,37.7
v1792547966,Alberta,2021A000248,Both genders,18 to 44 years,Perceived health - Very good or excellent,10.1.2.2.4,62.8
v1792547973,Alberta,2021A000248,Both genders,18 to 44 years,Perceived health - Fair or poor,10.1.2.3.4,9.5
v1792547980,Alberta,2021A000248,Both genders,18 to 44 years,Perceived mental health - Very good or excellent,10.1.2.4.4,49.0
v1792547987,Alberta,2021A000248,Both genders,18 to 44 years,Perceived mental health - Fair or poor,10.1.2.5.4,20.8
v1792547994,Alberta,2021A000248,Both genders,18 to 44 years,Has a regular health care provider,10.1.2.6.4,78.3
v1792548001,Alberta,2021A000248,Both genders,18 to 44 years,Consulted a health care provider for a non-urgent primary health care need in the past 12 months,10.1.2.7.4,74.3
v1792548008,Alberta,2021A000248,Both genders,18 to 44 years,Quality of consultation in the past 12 months - Very good or excellent,10.1.2.8.4,65.5
v1792548015,Alberta,2021A000248,Both genders,18 to 44 years,Quality of consultation in the past 12 months - Fair or poor,10.1.2.9.4,12.9
v1792548022,Alberta,2021A000248,Both genders,18 to 44 years,Experienced difficulties getting non-urgent primary health care in the past 12 months,10.1.2.10.4,42.3
v1792548029,Alberta,2021A000248,Both genders,18 to 44 years,Consulted a medical specialist for an initial consultation in the past 12 months,10.1.2.11.4,29.8
v1792548036,Alberta,2021A000248,Both genders,18 to 44 years,Experienced difficulties getting specialist care in the past 12 months,10.1.2.12.4,31.7
v1792548043,Alberta,2021A000248,Both genders,18 to 44 years,Level of coordination between health care providers in the past 12 months - Very good or excellent,10.1.2.13.4,45.2
v1792548050,Alberta,2021A000248,Both genders,18 to 44 years,Level of coordination between health care providers in the past 12 months - Fair or poor,10.1.2.14.4,27.0
v1792548057,Alberta,2021A000248,Both genders,18 to 44 years,Experienced discrimination in a health care setting in the past 12 months,10.1.2.15.4,12.5
v1792548064,Alberta,2021A000248,Both genders,18 to 44 years,Had unmet health care needs in the past 12 months,10.1.2.16.4,22.8
v1792548071,Alberta,2021A000248,Both genders,18 to 44 years,"Delayed or did not fill a prescription, or reduced or skipped doses of medication because of the cost in the past 12 months",10.1.2.17.4,21.1
v1792548078,Alberta,2021A000248,Both genders,18 to 44 years,Has insurance that covers all or part of the cost of prescription medications,10.1.2.18.4,82.9
v1792548085,Alberta,2021A000248,Both genders,45 to 64 years,Has at least one chronic condition,10.1.3.1.4,55.5
v1792548092,Alberta,2021A000248,Both genders,45 to 64 years,Perceived health - Very good or excellent,10.1.3.2.4,51.6
v1792548099,Alberta,2021A000248,Both genders,45 to 64 years,Perceived health - Fair or poor,10.1.3.3.4,12.9
v1792548106,Alberta,2021A000248,Both genders,45 to 64 years,Perceived mental health - Very good or excellent,10.1.3.4.4,57.9
v1792548113,Alberta,2021A000248,Both genders,45 to 64 years,Perceived mental health - Fair or poor,10.1.3.5.4,12.4
v1792548120,Alberta,2021A000248,Both genders,45 to 64 years,Has a regular health care provider,10.1.3.6.4,86.3
v1792548127,Alberta,2021A000248,Both genders,45 to 64 years,Consulted a health care provider for a non-urgent primary health care need in the past 12 months,10.1.3.7.4,79.4
v1792548134,Alberta,2021A000248,Both genders,45 to 64 years,Quality of consultation in the past 12 months - Very good or excellent,10.1.3.8.4,74.3
v1792548141,Alberta,2021A000248,Both genders,45 to 64 years,Quality of consultation in the past 12 months - Fair or poor,10.1.3.9.4,7.8
v1792548148,Alberta,2021A000248,Both genders,45 to 64 years,Experienced difficulties getting non-urgent primary health care in the past 12 months,10.1.3.10.4,37.1
v1792548155,Alberta,2021A000248,Both genders,45 to 64 years,Consulted a medical specialist for an initial consultation in the past 12 months,10.1.3.11.4,34.5
v1792548162,Alberta,2021A000248,Both genders,45 to 64 years,Experienced difficulties getting specialist care in the past 12 months,10.1.3.12.4,29.8
v1792548169,Alberta,2021A000248,Both genders,45 to 64 years,Level of coordination between health care providers in the past 12 months - Very good or excellent,10.1.3.13.4,54.8
v1792548176,Alberta,2021A000248,Both genders,45 to 64 years,Level of coordination between health care providers in the past 12 months - Fair or poor,10.1.3.14.4,18.6
v1792548183,Alberta,2021A000248,Both genders,45 to 64 years,Experienced discrimination in a health care setting in the past 12 months,10.1.3.15.4,7.4
v1792548190,Alberta,2021A000248,Both genders,45 to 64 years,Had unmet health care needs in the past 12 months,10.1.3.16.4,17.0
v1792548197,Alberta,2021A000248,Both genders,45 to 64 years,"Delayed or did not fill a prescription, or reduced or skipped doses of medication because of the cost in the past 12 months",10.1.3.17.4,12.9
v1792548204,Alberta,2021A000248,Both genders,45 to 64 years,Has insurance that covers all or part of the cost of prescription medications,10.1.3.18.4,86.4
v1792548211,Alberta,2021A000248,Both genders,65 years and over,Has at least one chronic condition,10.1.4.1.4,81.4
v1792548218,Alberta,2021A000248,Both genders,65 years and over,Perceived health - Very good or excellent,10.1.4.2.4,38.2
v1792548225,Alberta,2021A000248,Both genders,65 years and over,Perceived health - Fair or poor,10.1.4.3.4,23.2
v1792548232,Alberta,2021A000248,Both genders,65 years and over,Perceived mental health - Very good or excellent,10.1.4.4.4,63.1
v1792548239,Alberta,2021A000248,Both genders,65 years and over,Perceived mental health - Fair or poor,10.1.4.5.4,9.5
v1792548246,Alberta,2021A000248,Both genders,65 years and over,Has a regular health care provider,10.1.4.6.4,93.7
v1792548253,Alberta,2021A000248,Both genders,65 years and over,Consulted a health care provider for a non-urgent primary health care need in the past 12 months,10.1.4.7.4,87.8
v1792548260,Alberta,2021A000248,Both genders,65 years and over,Quality of consultation in the past 12 months - Very good or excellent,10.1.4.8.4,80.9
v1792548267,Alberta,2021A000248,Both genders,65 years and over,Quality of consultation in the past 12 months - Fair or poor,10.1.4.9.4,5.6
v1792548274,Alberta,2021A000248,Both genders,65 years and over,Experienced difficulties getting non-urgent primary health care in the past 12 months,10.1.4.10.4,25.3
v1792548281,Alberta,2021A000248,Both genders,65 years and over,Consulted a medical specialist for an initial consultation in the past 12 months,10.1.4.11.4,43.7
v1792548288,Alberta,2021A000248,Both genders,65 years and over,Experienced difficulties getting specialist care in the past 12 months,10.1.4.12.4,24.6
v1792548295,Alberta,2021A000248,Both genders,65 years and over,Level of coordination between health care providers in the past 12 months - Very good or excellent,10.1.4.13.4,67.6
v1792548302,Alberta,2021A000248,Both genders,65 years and over,Level of coordination between health care providers in the past 12 months - Fair or poor,10.1.4.14.4,10.1
v1792548309,Alberta,2021A000248,Both genders,65 years and over,Experienced discrimination in a health care setting in the past 12 months,10.1.4.15.4,4.2
v1792548316,Alberta,2021A000248,Both genders,65 years and over,Had unmet health care needs in the past 12 months,10.1.4.16.4,13.5
v1792548323,Alberta,2021A000248,Both genders,65 years and over,"Delayed or did not fill a prescription, or reduced or skipped doses of medication because of the cost in the past 12 months",10.1.4.17.4,10.1
v1792548330,Alberta,2021A000248,Both genders,65 years and over,Has insurance that covers all or part of the cost of prescription medications,10.1.4.18.4,90.8
v1792548337,Alberta,2021A000248,Men+,"Total, 18 years and over",Has at least one chronic condition,10.2.1.1.4,48.2
v1792548344,Alberta,2021A000248,Men+,"Total, 18 years and over",Perceived health - Very good or excellent,10.2.1.2.4,55.7
v1792548351,Alberta,2021A000248,Men+,"Total, 18 years and over",Perceived health - Fair or poor,10.2.1.3.4,12.2
v1792548358,Alberta,2021A000248,Men+,"Total, 18 years and over",Perceived mental health - Very good or excellent,10.2.1.4.4,57.2
v1792548365,Alberta,2021A000248,Men+,"Total, 18 years and over",Perceived mental health - Fair or poor,10.2.1.5.4,14.4
v1792548372,Alberta,2021A000248,Men+,"Total, 18 years and over",Has a regular health care provider,10.2.1.6.4,80.0
v1792548379,Alberta,2021A000248,Men+,"Total, 18 years and over",Consulted a health care provider for a non-urgent primary health care need in the past 12 months,10.2.1.7.4,72.1
v1792548386,Alberta,2021A000248,Men+,"Total, 18 years and over",Quality of consultation in the past 12 months - Very good or excellent,10.2.1.8.4,71.1
v1792548393,Alberta,2021A000248,Men+,"Total, 18 years and over",Quality of consultation in the past 12 months - Fair or poor,10.2.1.9.4,9.3
v1792548400,Alberta,2021A000248,Men+,"Total, 18 years and over",Experienced difficulties getting non-urgent primary health care in the past 12 months,10.2.1.10.4,32.3
v1792548407,Alberta,2021A000248,Men+,"Total, 18 years and over",Consulted a medical specialist for an initial consultation in the past 12 months,10.2.1.11.4,29.5
v1792548414,Alberta,2021A000248,Men+,"Total, 18 years and over",Experienced difficulties getting specialist care in the past 12 months,10.2.1.12.4,25.1
v1792548421,Alberta,2021A000248,Men+,"Total, 18 years and over",Level of coordination between health care providers in the past 12 months - Very good or excellent,10.2.1.13.4,60.4
v1792548428,Alberta,2021A000248,Men+,"Total, 18 years and over",Level of coordination between health care providers in the past 12 months - Fair or poor,10.2.1.14.4,15.5
v1792548435,Alberta,2021A000248,Men+,"Total, 18 years and over",Experienced discrimination in a health care setting in the past 12 months,10.2.1.15.4,6.1
v1792548442,Alberta,2021A000248,Men+,"Total, 18 years and over",Had unmet health care needs in the past 12 months,10.2.1.16.4,16.2
v1792548449,Alberta,2021A000248,Men+,"Total, 18 years and over","Delayed or did not fill a prescription, or reduced or skipped doses of medication because of the cost in the past 12 months",10.2.1.17.4,14.0
v1792548456,Alberta,2021A000248,Men+,"Total, 18 years and over",Has insurance that covers all or part of the cost of prescription medications,10.2.1.18.4,83.9
v1792548463,Alberta,2021A000248,Men+,18 to 44 years,Has at least one chronic condition,10.2.2.1.4,33.1
v1792548470,Alberta,2021A000248,Men+,18 to 44 years,Perceived health - Very good or excellent,10.2.2.2.4,64.1
v1792548477,Alberta,2021A000248,Men+,18 to 44 years,Perceived health - Fair or poor,10.2.2.3.4,8.7
v1792548484,Alberta,2021A000248,Men+,18 to 44 years,Perceived mental health - Very good or excellent,10.2.2.4.4,53.0
v1792548491,Alberta,2021A000248,Men+,18 to 44 years,Perceived mental health - Fair or poor,10.2.2.5.4,19.1
v1792548498,Alberta,2021A000248,Men+,18 to 44 years,Has a regular health care provider,10.2.2.6.4,72.3
v1792548505,Alberta,2021A000248,Men+,18 to 44 years,Consulted a health care provider for a non-urgent primary health care need in the past 12 months,10.2.2.7.4,64.1
v1792548512,Alberta,2021A000248,Men+,18 to 44 years,Quality of consultation in the past 12 months - Very good or excellent,10.2.2.8.4,64.8
v1792548519,Alberta,2021A000248,Men+,18 to 44 years,Quality of consultation in the past 12 months - Fair or poor,10.2.2.9.4,13.2
v1792548526,Alberta,2021A000248,Men+,18 to 44 years,Experienced difficulties getting non-urgent primary health care in the past 12 months,10.2.2.10.4,34.4
v1792548533,Alberta,2021A000248,Men+,18 to 44 years,Consulted a medical specialist for an initial consultation in the past 12 months,10.2.2.11.4,24.3
v1792548540,Alberta,2021A000248,Men+,18 to 44 years,Experienced difficulties getting specialist care in the past 12 months,10.2.2.12.4,24.1
v1792548547,Alberta,2021A000248,Men+,18 to 44 years,Level of coordination between health care providers in the past 12 months - Very good or excellent,10.2.2.13.4,51.3
v1792548554,Alberta,2021A000248,Men+,18 to 44 years,Level of coordination between health care providers in the past 12 months - Fair or poor,10.2.2.14.4,21.2
v1792548561,Alberta,2021A000248,Men+,18 to 44 years,Experienced discrimination in a health care setting in the past 12 months,10.2.2.15.4,8.3
v1792548568,Alberta,2021A000248,Men+,18 to 44 years,Had unmet health care needs in the past 12 months,10.2.2.16.4,19.7
v1792548575,Alberta,2021A000248,Men+,18 to 44 years,"Delayed or did not fill a prescription, or reduced or skipped doses of medication because of the cost in the past 12 months",10.2.2.17.4,18.5
v1792548582,Alberta,2021A000248,Men+,18 to 44 years,Has insurance that covers all or part of the cost of prescription medications,10.2.2.18.4,80.8
v1792548589,Alberta,2021A000248,Men+,45 to 64 years,Has at least one chronic condition,10.2.3.1.4,52.7
v1792548596,Alberta,2021A000248,Men+,45 to 64 years,Perceived health - Very good or excellent,10.2.3.2.4,53.8
v1792548603,Alberta,2021A000248,Men+,45 to 64 years,Perceived health - Fair or poor,10.2.3.3.4,11.2
v1792548610,Alberta,2021A000248,Men+,45 to 64 years,Perceived mental health - Very good or excellent,10.2.3.4.4,59.3
v1792548617,Alberta,2021A000248,Men+,45 to 64 years,Perceived mental health - Fair or poor,10.2.3.5.4,10.7
v1792548624,Alberta,2021A000248,Men+,45 to 64 years,Has a regular health care provider,10.2.3.6.4,84.8
v1792548631,Alberta,2021A000248,Men+,45 to 64 years,Consulted a health care provider for a non-urgent primary health care need in the past 12 months,10.2.3.7.4,75.7
v1792548638,Alberta,2021A000248,Men+,45 to 64 years,Quality of consultation in the past 12 months - Very good or excellent,10.2.3.8.4,73.6
v1792548645,Alberta,2021A000248,Men+,45 to 64 years,Quality of consultation in the past 12 months - Fair or poor,10.2.3.9.4,7.7
v1792548652,Alberta,2021A000248,Men+,45 to 64 years,Experienced difficulties getting non-urgent primary health care in the past 12 months,10.2.3.10.4,33.1
v1792548659,Alberta,2021A000248,Men+,45 to 64 years,Consulted a medical specialist for an initial consultation in the past 12 months,10.2.3.11.4,29.3
v1792548666,Alberta,2021A000248,Men+,45 to 64 years,Experienced difficulties getting specialist care in the past 12 months,10.2.3.12.4,26.0
v1792548673,Alberta,2021A000248,Men+,45 to 64 years,Level of coordination between health care providers in the past 12 months - Very good or excellent,10.2.3.13.4,58.8
v1792548680,Alberta,2021A000248,Men+,45 to 64 years,Level of coordination between health care providers in the past 12 months - Fair or poor,10.2.3.14.4,16.2
v1792548694,Alberta,2021A000248,Men+,45 to 64 years,Had unmet health care needs in the past 12 months,10.2.3.16.4,13.4
v1792548701,Alberta,2021A000248,Men+,45 to 64 years,"Delayed or did not fill a prescription, or reduced or skipped doses of medication because of the cost in the past 12 months",10.2.3.17.4,11.4
v1792548708,Alberta,2021A000248,Men+,45 to 64 years,Has insurance that covers all or part of the cost of prescription medications,10.2.3.18.4,84.9
v1792548715,Alberta,2021A000248,Men+,65 years and over,Has at least one chronic condition,10.2.4.1.4,82.0
v1792548722,Alberta,2021A000248,Men+,65 years and over,Perceived health - Very good or excellent,10.2.4.2.4,35.5
v1792548729,Alberta,2021A000248,Men+,65 years and over,Perceived health - Fair or poor,10.2.4.3.4,23.8
v1792548736,Alberta,2021A000248,Men+,65 years and over,Perceived mental health - Very good or excellent,10.2.4.4.4,65.5
v1792548743,Alberta,2021A000248,Men+,65 years and over,Perceived mental health - Fair or poor,10.2.4.5.4,7.4
v1792548750,Alberta,2021A000248,Men+,65 years and over,Has a regular health care provider,10.2.4.6.4,93.3
v1792548757,Alberta,2021A000248,Men+,65 years and over,Consulted a health care provider for a non-urgent primary health care need in the past 12 months,10.2.4.7.4,88.9
v1792548764,Alberta,2021A000248,Men+,65 years and over,Quality of consultation in the past 12 months - Very good or excellent,10.2.4.8.4,80.2
v1792548771,Alberta,2021A000248,Men+,65 years and over,Quality of consultation in the past 12 months - Fair or poor,10.2.4.9.4,3.7
v1792548778,Alberta,2021A000248,Men+,65 years and over,Experienced difficulties getting non-urgent primary health care in the past 12 months,10.2.4.10.4,25.1
v1792548785,Alberta,2021A000248,Men+,65 years and over,Consulted a medical specialist for an initial consultation in the past 12 months,10.2.4.11.4,44.8
v1792548792,Alberta,2021A000248,Men+,65 years and over,Experienced difficulties getting specialist care in the past 12 months,10.2.4.12.4,26.3
v1792548799,Alberta,2021A000248,Men+,65 years and over,Level of coordination between health care providers in the past 12 months - Very good or excellent,10.2.4.13.4,73.4
v1792548806,Alberta,2021A000248,Men+,65 years and over,Level of coordination between health care providers in the past 12 months - Fair or poor,10.2.4.14.4,7.8
v1792548813,Alberta,2021A000248,Men+,65 years and over,Experienced discrimination in a health care setting in the past 12 months,10.2.4.15.4,3.4
v1792548820,Alberta,2021A000248,Men+,65 years and over,Had unmet health care needs in the past 12 months,10.2.4.16.4,10.9
v1792548827,Alberta,2021A000248,Men+,65 years and over,"Delayed or did not fill a prescription, or reduced or skipped doses of medication because of the cost in the past 12 months",10.2.4.17.4,9.7
v1792548834,Alberta,2021A000248,Men+,65 years and over,Has insurance that covers all or part of the cost of prescription medications,10.2.4.18.4,90.4
v1792548841,Alberta,2021A000248,Women+,"Total, 18 years and over",Has at least one chronic condition,10.3.1.1.4,55.0
v1792548848,Alberta,2021A000248,Women+,"Total, 18 years and over",Perceived health - Very good or excellent,10.3.1.2.4,53.7
v1792548855,Alberta,2021A000248,Women+,"Total, 18 years and over",Perceived health - Fair or poor,10.3.1.3.4,14.1
v1792548862,Alberta,2021A000248,Women+,"Total, 18 years and over",Perceived mental health - Very good or excellent,10.3.1.4.4,51.6
v1792548869,Alberta,2021A000248,Women+,"Total, 18 years and over",Perceived mental health - Fair or poor,10.3.1.5.4,17.7
v1792548876,Alberta,2021A000248,Women+,"Total, 18 years and over",Has a regular health care provider,10.3.1.6.4,87.4
v1792548883,Alberta,2021A000248,Women+,"Total, 18 years and over",Consulted a health care provider for a non-urgent primary health care need in the past 12 months,10.3.1.7.4,84.7
v1792548890,Alberta,2021A000248,Women+,"Total, 18 years and over",Quality of consultation in the past 12 months - Very good or excellent,10.3.1.8.4,71.8
v1792548897,Alberta,2021A000248,Women+,"Total, 18 years and over",Quality of consultation in the past 12 months - Fair or poor,10.3.1.9.4,10.1
v1792548904,Alberta,2021A000248,Women+,"Total, 18 years and over",Experienced difficulties getting non-urgent primary health care in the past 12 months,10.3.1.10.4,42.5
v1792548911,Alberta,2021A000248,Women+,"Total, 18 years and over",Consulted a medical specialist for an initial consultation in the past 12 months,10.3.1.11.4,38.2
v1792548918,Alberta,2021A000248,Women+,"Total, 18 years and over",Experienced difficulties getting specialist care in the past 12 months,10.3.1.12.4,34.3
v1792548925,Alberta,2021A000248,Women+,"Total, 18 years and over",Level of coordination between health care providers in the past 12 months - Very good or excellent,10.3.1.13.4,49.3
v1792548932,Alberta,2021A000248,Women+,"Total, 18 years and over",Level of coordination between health care providers in the past 12 months - Fair or poor,10.3.1.14.4,23.2
v1792548939,Alberta,2021A000248,Women+,"Total, 18 years and over",Experienced discrimination in a health care setting in the past 12 months,10.3.1.15.4,11.8
v1792548946,Alberta,2021A000248,Women+,"Total, 18 years and over",Had unmet health care needs in the past 12 months,10.3.1.16.4,22.4
v1792548953,Alberta,2021A000248,Women+,"Total, 18 years and over","Delayed or did not fill a prescription, or reduced or skipped doses of medication because of the cost in the past 12 months",10.3.1.17.4,17.5
v1792548960,Alberta,2021A000248,Women+,"Total, 18 years and over",Has insurance that covers all or part of the cost of prescription medications,10.3.1.18.4,87.2
v1792548967,Alberta,2021A000248,Women+,18 to 44 years,Has at least one chronic condition,10.3.2.1.4,42.3
v1792548974,Alberta,2021A000248,Women+,18 to 44 years,Perceived health - Very good or excellent,10.3.2.2.4,61.5
v1792548981,Alberta,2021A000248,Women+,18 to 44 years,Perceived health - Fair or poor,10.3.2.3.4,10.4
v1792548988,Alberta,2021A000248,Women+,18 to 44 years,Perceived mental health - Very good or excellent,10.3.2.4.4,44.8
v1792548995,Alberta,2021A000248,Women+,18 to 44 years,Perceived mental health - Fair or poor,10.3.2.5.4,22.6
v1792549002,Alberta,2021A000248,Women+,18 to 44 years,Has a regular health care provider,10.3.2.6.4,84.4
v1792549009,Alberta,2021A000248,Women+,18 to 44 years,Consulted a health care provider for a non-urgent primary health care need in the past 12 months,10.3.2.7.4,84.8
v1792549016,Alberta,2021A000248,Women+,18 to 44 years,Quality of consultation in the past 12 months - Very good or excellent,10.3.2.8.4,65.9
v1792549023,Alberta,2021A000248,Women+,18 to 44 years,Quality of consultation in the past 12 months - Fair or poor,10.3.2.9.4,12.7
v1792549030,Alberta,2021A000248,Women+,18 to 44 years,Experienced difficulties getting non-urgent primary health care in the past 12 months,10.3.2.10.4,50.2
v1792549037,Alberta,2021A000248,Women+,18 to 44 years,Consulted a medical specialist for an initial consultation in the past 12 months,10.3.2.11.4,35.5
v1792549044,Alberta,2021A000248,Women+,18 to 44 years,Experienced difficulties getting specialist care in the past 12 months,10.3.2.12.4,39.2
v1792549051,Alberta,2021A000248,Women+,18 to 44 years,Level of coordination between health care providers in the past 12 months - Very good or excellent,10.3.2.13.4,41.6
v1792549058,Alberta,2021A000248,Women+,18 to 44 years,Level of coordination between health care providers in the past 12 months - Fair or poor,10.3.2.14.4,30.5
v1792549065,Alberta,2021A000248,Women+,18 to 44 years,Experienced discrimination in a health care setting in the past 12 months,10.3.2.15.4,15.9
v1792549072,Alberta,2021A000248,Women+,18 to 44 years,Had unmet health care needs in the past 12 months,10.3.2.16.4,26.0
v1792549079,Alberta,2021A000248,Women+,18 to 44 years,"Delayed or did not fill a prescription, or reduced or skipped doses of medication because of the cost in the past 12 months",10.3.2.17.4,23.0
v1792549086,Alberta,2021A000248,Women+,18 to 44 years,Has insurance that covers all or part of the cost of prescription medications,10.3.2.18.4,85.1
v1792549093,Alberta,2021A000248,Women+,45 to 64 years,Has at least one chronic condition,10.3.3.1.4,58.4
v1792549100,Alberta,2021A000248,Women+,45 to 64 years,Perceived health - Very good or excellent,10.3.3.2.4,49.5
v1792549107,Alberta,2021A000248,Women+,45 to 64 years,Perceived health - Fair or poor,10.3.3.3.4,14.6
v1792549114,Alberta,2021A000248,Women+,45 to 64 years,Perceived mental health - Very good or excellent,10.3.3.4.4,56.5
v1792549121,Alberta,2021A000248,Women+,45 to 64 years,Perceived mental health - Fair or poor,10.3.3.5.4,14.1
v1792549128,Alberta,2021A000248,Women+,45 to 64 years,Has a regular health care provider,10.3.3.6.4,87.8
v1792549135,Alberta,2021A000248,Women+,45 to 64 years,Consulted a health care provider for a non-urgent primary health care need in the past 12 months,10.3.3.7.4,83.2
v1792549142,Alberta,2021A000248,Women+,45 to 64 years,Quality of consultation in the past 12 months - Very good or excellent,10.3.3.8.4,74.9
v1792549149,Alberta,2021A000248,Women+,45 to 64 years,Quality of consultation in the past 12 months - Fair or poor,10.3.3.9.4,7.8
v1792549156,Alberta,2021A000248,Women+,45 to 64 years,Experienced difficulties getting non-urgent primary health care in the past 12 months,10.3.3.10.4,41.0
v1792549163,Alberta,2021A000248,Women+,45 to 64 years,Consulted a medical specialist for an initial consultation in the past 12 months,10.3.3.11.4,39.9
v1792549170,Alberta,2021A000248,Women+,45 to 64 years,Experienced difficulties getting specialist care in the past 12 months,10.3.3.12.4,33.5
v1792549177,Alberta,2021A000248,Women+,45 to 64 years,Level of coordination between health care providers in the past 12 months - Very good or excellent,10.3.3.13.4,51.8
v1792549184,Alberta,2021A000248,Women+,45 to 64 years,Level of coordination between health care providers in the past 12 months - Fair or poor,10.3.3.14.4,20.3
v1792549191,Alberta,2021A000248,Women+,45 to 64 years,Experienced discrimination in a health care setting in the past 12 months,10.3.3.15.4,9.7
v1792549198,Alberta,2021A000248,Women+,45 to 64 years,Had unmet health care needs in the past 12 months,10.3.3.16.4,20.7
v1792549205,Alberta,2021A000248,Women+,45 to 64 years,"Delayed or did not fill a prescription, or reduced or skipped doses of medication because of the cost in the past 12 months",10.3.3.17.4,14.2
v1792549212,Alberta,2021A000248,Women+,45 to 64 years,Has insurance that covers all or part of the cost of prescription medications,10.3.3.18.4,88.0
v1792549219,Alberta,2021A000248,Women+,65 years and over,Has at least one chronic condition,10.3.4.1.4,80.9
v1792549226,Alberta,2021A000248,Women+,65 years and over,Perceived health - Very good or excellent,10.3.4.2.4,40.6
v1792549233,Alberta,2021A000248,Women+,65 years and over,Perceived health - Fair or poor,10.3.4.3.4,22.6
v1792549240,Alberta,2021A000248,Women+,65 years and over,Perceived mental health - Very good or excellent,10.3.4.4.4,61.0
v1792549247,Alberta,2021A000248,Women+,65 years and over,Perceived mental health - Fair or poor,10.3.4.5.4,11.3
v1792549254,Alberta,2021A000248,Women+,65 years and over,Has a regular health care provider,10.3.4.6.4,94.1
v1792549261,Alberta,2021A000248,Women+,65 years and over,Consulted a health care provider for a non-urgent primary health care need in the past 12 months,10.3.4.7.4,86.8
v1792549268,Alberta,2021A000248,Women+,65 years and over,Quality of consultation in the past 12 months - Very good or excellent,10.3.4.8.4,81.5
v1792549275,Alberta,2021A000248,Women+,65 years and over,Quality of consultation in the past 12 months - Fair or poor,10.3.4.9.4,7.3
v1792549282,Alberta,2021A000248,Women+,65 years and over,Experienced difficulties getting non-urgent primary health care in the past 12 months,10.3.4.10.4,25.4
v1792549289,Alberta,2021A000248,Women+,65 years and over,Consulted a medical specialist for an initial consultation in the past 12 months,10.3.4.11.4,42.6
v1792549296,Alberta,2021A000248,Women+,65 years and over,Experienced difficulties getting specialist care in the past 12 months,10.3.4.12.4,23.1
v1792549303,Alberta,2021A000248,Women+,65 years and over,Level of coordination between health care providers in the past 12 months - Very good or excellent,10.3.4.13.4,61.8
v1792549310,Alberta,2021A000248,Women+,65 years and over,Level of coordination between health care providers in the past 12 months - Fair or poor,10.3.4.14.4,12.4
v1792549317,Alberta,2021A000248,Women+,65 years and over,Experienced discrimination in a health care setting in the past 12 months,10.3.4.15.4,4.9
v1792549324,Alberta,2021A000248,Women+,65 years and over,Had unmet health care needs in the past 12 months,10.3.4.16.4,15.9
v1792549331,Alberta,2021A000248,Women+,65 years and over,"Delayed or did not fill a prescription, or reduced or skipped doses of medication because of the cost in the past 12 months",10.3.4.17.4,10.5
v1792549338,Alberta,2021A000248,Women+,65 years and over,Has insurance that covers all or part of the cost of prescription medications,10.3.4.18.4,91.1
v1792549345,British Columbia,2021A000259,Both genders,"Total, 18 years and over",Has at least one chronic condition,11.1.1.1.4,51.0
v1792549352,British Columbia,2021A000259,Both genders,"Total, 18 years and over",Perceived health - Very good or excellent,11.1.1.2.4,52.5
v1792549359,British Columbia,2021A000259,Both genders,"Total, 18 years and over",Perceived health - Fair or poor,11.1.1.3.4,14.9
v1792549366,British Columbia,2021A000259,Both genders,"Total, 18 years and over",Perceived mental health - Very good or excellent,11.1.1.4.4,51.1
v1792549373,British Columbia,2021A000259,Both genders,"Total, 18 years and over",Perceived mental health - Fair or poor,11.1.1.5.4,17.4
v1792549380,British Columbia,2021A000259,Both genders,"Total, 18 years and over",Has a regular health care provider,11.1.1.6.4,80.2
v1792549387,British Columbia,2021A000259,Both genders,"Total, 18 years and over",Consulted a health care provider for a non-urgent primary health care need in the past 12 months,11.1.1.7.4,78.8
v1792549394,British Columbia,2021A000259,Both genders,"Total, 18 years and over",Quality of consultation in the past 12 months - Very good or excellent,11.1.1.8.4,68.4
v1792549401,British Columbia,2021A000259,Both genders,"Total, 18 years and over",Quality of consultation in the past 12 months - Fair or poor,11.1.1.9.4,11.4
v1792549408,British Columbia,2021A000259,Both genders,"Total, 18 years and over",Experienced difficulties getting non-urgent primary health care in the past 12 months,11.1.1.10.4,44.6
v1792549415,British Columbia,2021A000259,Both genders,"Total, 18 years and over",Consulted a medical specialist for an initial consultation in the past 12 months,11.1.1.11.4,31.9
v1792549422,British Columbia,2021A000259,Both genders,"Total, 18 years and over",Experienced difficulties getting specialist care in the past 12 months,11.1.1.12.4,33.8
v1792549429,British Columbia,2021A000259,Both genders,"Total, 18 years and over",Level of coordination between health care providers in the past 12 months - Very good or excellent,11.1.1.13.4,49.9
v1792549436,British Columbia,2021A000259,Both genders,"Total, 18 years and over",Level of coordination between health care providers in the past 12 months - Fair or poor,11.1.1.14.4,21.6
v1792549443,British Columbia,2021A000259,Both genders,"Total, 18 years and over",Experienced discrimination in a health care setting in the past 12 months,11.1.1.15.4,7.8
v1792549450,British Columbia,2021A000259,Both genders,"Total, 18 years and over",Had unmet health care needs in the past 12 months,11.1.1.16.4,25.6
v1792549457,British Columbia,2021A000259,Both genders,"Total, 18 years and over","Delayed or did not fill a prescription, or reduced or skipped doses of medication because of the cost in the past 12 months",11.1.1.17.4,14.3
v1792549464,British Columbia,2021A000259,Both genders,"Total, 18 years and over",Has insurance that covers all or part of the cost of prescription medications,11.1.1.18.4,73.5
v1792549471,British Columbia,2021A000259,Both genders,18 to 44 years,Has at least one chronic condition,11.1.2.1.4,36.5
v1792549478,British Columbia,2021A000259,Both genders,18 to 44 years,Perceived health - Very good or excellent,11.1.2.2.4,61.1
v1792549485,British Columbia,2021A000259,Both genders,18 to 44 years,Perceived health - Fair or poor,11.1.2.3.4,9.4
v1792549492,British Columbia,2021A000259,Both genders,18 to 44 years,Perceived mental health - Very good or excellent,11.1.2.4.4,46.4
v1792549499,British Columbia,2021A000259,Both genders,18 to 44 years,Perceived mental health - Fair or poor,11.1.2.5.4,22.3
v1792549506,British Columbia,2021A000259,Both genders,18 to 44 years,Has a regular health care provider,11.1.2.6.4,74.2
v1792549513,British Columbia,2021A000259,Both genders,18 to 44 years,Consulted a health care provider for a non-urgent primary health care need in the past 12 months,11.1.2.7.4,74.6
v1792549520,British Columbia,2021A000259,Both genders,18 to 44 years,Quality of consultation in the past 12 months - Very good or excellent,11.1.2.8.4,65.3
v1792549527,British Columbia,2021A000259,Both genders,18 to 44 years,Quality of consultation in the past 12 months - Fair or poor,11.1.2.9.4,14.2
v1792549534,British Columbia,2021A000259,Both genders,18 to 44 years,Experienced difficulties getting non-urgent primary health care in the past 12 months,11.1.2.10.4,50.2
v1792549541,British Columbia,2021A000259,Both genders,18 to 44 years,Consulted a medical specialist for an initial consultation in the past 12 months,11.1.2.11.4,27.5
v1792549548,British Columbia,2021A000259,Both genders,18 to 44 years,Experienced difficulties getting specialist care in the past 12 months,11.1.2.12.4,34.7
v1792549555,British Columbia,2021A000259,Both genders,18 to 44 years,Level of coordination between health care providers in the past 12 months - Very good or excellent,11.1.2.13.4,38.6
v1792549562,British Columbia,2021A000259,Both genders,18 to 44 years,Level of coordination between health care providers in the past 12 months - Fair or poor,11.1.2.14.4,30.9
v1792549569,British Columbia,2021A000259,Both genders,18 to 44 years,Experienced discrimination in a health care setting in the past 12 months,11.1.2.15.4,9.9
v1792549576,British Columbia,2021A000259,Both genders,18 to 44 years,Had unmet health care needs in the past 12 months,11.1.2.16.4,30.8
v1792549583,British Columbia,2021A000259,Both genders,18 to 44 years,"Delayed or did not fill a prescription, or reduced or skipped doses of medication because of the cost in the past 12 months",11.1.2.17.4,18.8
v1792549590,British Columbia,2021A000259,Both genders,18 to 44 years,Has insurance that covers all or part of the cost of prescription medications,11.1.2.18.4,78.5
v1792549597,British Columbia,2021A000259,Both genders,45 to 64 years,Has at least one chronic condition,11.1.3.1.4,52.4
v1792549604,British Columbia,2021A000259,Both genders,45 to 64 years,Perceived health - Very good or excellent,11.1.3.2.4,49.9
v1792549611,British Columbia,2021A000259,Both genders,45 to 64 years,Perceived health - Fair or poor,11.1.3.3.4,16.1
v1792549618,British Columbia,2021A000259,Both genders,45 to 64 years,Perceived mental health - Very good or excellent,11.1.3.4.4,53.1
v1792549625,British Columbia,2021A000259,Both genders,45 to 64 years,Perceived mental health - Fair or poor,11.1.3.5.4,14.3
v1792549632,British Columbia,2021A000259,Both genders,45 to 64 years,Has a regular health care provider,11.1.3.6.4,81.8
v1792549639,British Columbia,2021A000259,Both genders,45 to 64 years,Consulted a health care provider for a non-urgent primary health care need in the past 12 months,11.1.3.7.4,78.8
v1792549646,British Columbia,2021A000259,Both genders,45 to 64 years,Quality of consultation in the past 12 months - Very good or excellent,11.1.3.8.4,67.2
v1792549653,British Columbia,2021A000259,Both genders,45 to 64 years,Quality of consultation in the past 12 months - Fair or poor,11.1.3.9.4,11.0
v1792549660,British Columbia,2021A000259,Both genders,45 to 64 years,Experienced difficulties getting non-urgent primary health care in the past 12 months,11.1.3.10.4,45.3
v1792549667,British Columbia,2021A000259,Both genders,45 to 64 years,Consulted a medical specialist for an initial consultation in the past 12 months,11.1.3.11.4,32.3
v1792549674,British Columbia,2021A000259,Both genders,45 to 64 years,Experienced difficulties getting specialist care in the past 12 months,11.1.3.12.4,36.2
v1792549681,British Columbia,2021A000259,Both genders,45 to 64 years,Level of coordination between health care providers in the past 12 months - Very good or excellent,11.1.3.13.4,50.1
v1792549688,British Columbia,2021A000259,Both genders,45 to 64 years,Level of coordination between health care providers in the past 12 months - Fair or poor,11.1.3.14.4,18.7
v1792549695,British Columbia,2021A000259,Both genders,45 to 64 years,Experienced discrimination in a health care setting in the past 12 months,11.1.3.15.4,7.2
v1792549702,British Columbia,2021A000259,Both genders,45 to 64 years,Had unmet health care needs in the past 12 months,11.1.3.16.4,24.9
v1792549709,British Columbia,2021A000259,Both genders,45 to 64 years,"Delayed or did not fill a prescription, or reduced or skipped doses of medication because of the cost in the past 12 months",11.1.3.17.4,13.3
v1792549716,British Columbia,2021A000259,Both genders,45 to 64 years,Has insurance that covers all or part of the cost of prescription medications,11.1.3.18.4,75.0
v1792549723,British Columbia,2021A000259,Both genders,65 years and over,Has at least one chronic condition,11.1.4.1.4,78.2
v1792549730,British Columbia,2021A000259,Both genders,65 years and over,Perceived health - Very good or excellent,11.1.4.2.4,38.3
v1792549737,British Columbia,2021A000259,Both genders,65 years and over,Perceived health - Fair or poor,11.1.4.3.4,24.4
v1792549744,British Columbia,2021A000259,Both genders,65 years and over,Perceived mental health - Very good or excellent,11.1.4.4.4,58.2
v1792549751,British Columbia,2021A000259,Both genders,65 years and over,Perceived mental health - Fair or poor,11.1.4.5.4,11.4
v1792549758,British Columbia,2021A000259,Both genders,65 years and over,Has a regular health care provider,11.1.4.6.4,90.6
v1792549765,British Columbia,2021A000259,Both genders,65 years and over,Consulted a health care provider for a non-urgent primary health care need in the past 12 months,11.1.4.7.4,87.4
v1792549772,British Columbia,2021A000259,Both genders,65 years and over,Quality of consultation in the past 12 months - Very good or excellent,11.1.4.8.4,75.1
v1792549779,British Columbia,2021A000259,Both genders,65 years and over,Quality of consultation in the past 12 months - Fair or poor,11.1.4.9.4,7.0
v1792549786,British Columbia,2021A000259,Both genders,65 years and over,Experienced difficulties getting non-urgent primary health care in the past 12 months,11.1.4.10.4,32.2
v1792549793,British Columbia,2021A000259,Both genders,65 years and over,Consulted a medical specialist for an initial consultation in the past 12 months,11.1.4.11.4,40.5
v1792549800,British Columbia,2021A000259,Both genders,65 years and over,Experienced difficulties getting specialist care in the past 12 months,11.1.4.12.4,29.1
v1792549807,British Columbia,2021A000259,Both genders,65 years and over,Level of coordination between health care providers in the past 12 months - Very good or excellent,11.1.4.13.4,62.9
v1792549814,British Columbia,2021A000259,Both genders,65 years and over,Level of coordination between health care providers in the past 12 months - Fair or poor,11.1.4.14.4,13.7
v1792549821,British Columbia,2021A000259,Both genders,65 years and over,Experienced discrimination in a health care setting in the past 12 months,11.1.4.15.4,4.7
v1792549828,British Columbia,2021A000259,Both genders,65 years and over,Had unmet health care needs in the past 12 months,11.1.4.16.4,16.1
v1792549835,British Columbia,2021A000259,Both genders,65 years and over,"Delayed or did not fill a prescription, or reduced or skipped doses of medication because of the cost in the past 12 months",11.1.4.17.4,8.9
v1792549842,British Columbia,2021A000259,Both genders,65 years and over,Has insurance that covers all or part of the cost of prescription medications,11.1.4.18.4,61.5
v1792549849,British Columbia,2021A000259,Men+,"Total, 18 years and over",Has at least one chronic condition,11.2.1.1.4,50.4
v1792549856,British Columbia,2021A000259,Men+,"Total, 18 years and over",Perceived health - Very good or excellent,11.2.1.2.4,52.9
v1792549863,British Columbia,2021A000259,Men+,"Total, 18 years and over",Perceived health - Fair or poor,11.2.1.3.4,14.6
v1792549870,British Columbia,2021A000259,Men+,"Total, 18 years and over",Perceived mental health - Very good or excellent,11.2.1.4.4,52.8
v1792549877,British Columbia,2021A000259,Men+,"Total, 18 years and over",Perceived mental health - Fair or poor,11.2.1.5.4,17.0
v1792549884,British Columbia,2021A000259,Men+,"Total, 18 years and over",Has a regular health care provider,11.2.1.6.4,77.5
v1792549891,British Columbia,2021A000259,Men+,"Total, 18 years and over",Consulted a health care provider for a non-urgent primary health care need in the past 12 months,11.2.1.7.4,74.0
v1792549898,British Columbia,2021A000259,Men+,"Total, 18 years and over",Quality of consultation in the past 12 months - Very good or excellent,11.2.1.8.4,70.8
v1792549905,British Columbia,2021A000259,Men+,"Total, 18 years and over",Quality of consultation in the past 12 months - Fair or poor,11.2.1.9.4,9.9
v1792549912,British Columbia,2021A000259,Men+,"Total, 18 years and over",Experienced difficulties getting non-urgent primary health care in the past 12 months,11.2.1.10.4,39.6
v1792549919,British Columbia,2021A000259,Men+,"Total, 18 years and over",Consulted a medical specialist for an initial consultation in the past 12 months,11.2.1.11.4,28.9
v1792549926,British Columbia,2021A000259,Men+,"Total, 18 years and over",Experienced difficulties getting specialist care in the past 12 months,11.2.1.12.4,29.5
v1792549933,British Columbia,2021A000259,Men+,"Total, 18 years and over",Level of coordination between health care providers in the past 12 months - Very good or excellent,11.2.1.13.4,52.5
v1792549940,British Columbia,2021A000259,Men+,"Total, 18 years and over",Level of coordination between health care providers in the past 12 months - Fair or poor,11.2.1.14.4,18.4
v1792549947,British Columbia,2021A000259,Men+,"Total, 18 years and over",Experienced discrimination in a health care setting in the past 12 months,11.2.1.15.4,4.8
v1792549954,British Columbia,2021A000259,Men+,"Total, 18 years and over",Had unmet health care needs in the past 12 months,11.2.1.16.4,23.0
v1792549961,British Columbia,2021A000259,Men+,"Total, 18 years and over","Delayed or did not fill a prescription, or reduced or skipped doses of medication because of the cost in the past 12 months",11.2.1.17.4,12.6
v1792549968,British Columbia,2021A000259,Men+,"Total, 18 years and over",Has insurance that covers all or part of the cost of prescription medications,11.2.1.18.4,71.8
v1792549975,British Columbia,2021A000259,Men+,18 to 44 years,Has at least one chronic condition,11.2.2.1.4,35.2
v1792549982,British Columbia,2021A000259,Men+,18 to 44 years,Perceived health - Very good or excellent,11.2.2.2.4,62.3
v1792549989,British Columbia,2021A000259,Men+,18 to 44 years,Perceived health - Fair or poor,11.2.2.3.4,8.2
v1792549996,British Columbia,2021A000259,Men+,18 to 44 years,Perceived mental health - Very good or excellent,11.2.2.4.4,49.1
v1792550003,British Columbia,2021A000259,Men+,18 to 44 years,Perceived mental health - Fair or poor,11.2.2.5.4,22.1
v1792550010,British Columbia,2021A000259,Men+,18 to 44 years,Has a regular health care provider,11.2.2.6.4,71.6
v1792550017,British Columbia,2021A000259,Men+,18 to 44 years,Consulted a health care provider for a non-urgent primary health care need in the past 12 months,11.2.2.7.4,67.9
v1792550024,British Columbia,2021A000259,Men+,18 to 44 years,Quality of consultation in the past 12 months - Very good or excellent,11.2.2.8.4,67.4
v1792550031,British Columbia,2021A000259,Men+,18 to 44 years,Quality of consultation in the past 12 months - Fair or poor,11.2.2.9.4,12.1
v1792550038,British Columbia,2021A000259,Men+,18 to 44 years,Experienced difficulties getting non-urgent primary health care in the past 12 months,11.2.2.10.4,43.5
v1792550045,British Columbia,2021A000259,Men+,18 to 44 years,Consulted a medical specialist for an initial consultation in the past 12 months,11.2.2.11.4,21.4
v1792550052,British Columbia,2021A000259,Men+,18 to 44 years,Experienced difficulties getting specialist care in the past 12 months,11.2.2.12.4,27.2
v1792550073,British Columbia,2021A000259,Men+,18 to 44 years,Experienced discrimination in a health care setting in the past 12 months,11.2.2.15.4,5.3
v1792550080,British Columbia,2021A000259,Men+,18 to 44 years,Had unmet health care needs in the past 12 months,11.2.2.16.4,27.1
v1792550087,British Columbia,2021A000259,Men+,18 to 44 years,"Delayed or did not fill a prescription, or reduced or skipped doses of medication because of the cost in the past 12 months",11.2.2.17.4,16.9
v1792550094,British Columbia,2021A000259,Men+,18 to 44 years,Has insurance that covers all or part of the cost of prescription medications,11.2.2.18.4,75.5
v1792550101,British Columbia,2021A000259,Men+,45 to 64 years,Has at least one chronic condition,11.2.3.1.4,53.6
v1792550108,British Columbia,2021A000259,Men+,45 to 64 years,Perceived health - Very good or excellent,11.2.3.2.4,48.6
v1792550115,British Columbia,2021A000259,Men+,45 to 64 years,Perceived health - Fair or poor,11.2.3.3.4,15.2
v1792550122,British Columbia,2021A000259,Men+,45 to 64 years,Perceived mental health - Very good or excellent,11.2.3.4.4,53.2
v1792550129,British Columbia,2021A000259,Men+,45 to 64 years,Perceived mental health - Fair or poor,11.2.3.5.4,12.0
v1792550136,British Columbia,2021A000259,Men+,45 to 64 years,Has a regular health care provider,11.2.3.6.4,78.2
v1792550143,British Columbia,2021A000259,Men+,45 to 64 years,Consulted a health care provider for a non-urgent primary health care need in the past 12 months,11.2.3.7.4,75.5
v1792550150,British Columbia,2021A000259,Men+,45 to 64 years,Quality of consultation in the past 12 months - Very good or excellent,11.2.3.8.4,68.2
v1792550157,British Columbia,2021A000259,Men+,45 to 64 years,Quality of consultation in the past 12 months - Fair or poor,11.2.3.9.4,11.0
v1792550164,British Columbia,2021A000259,Men+,45 to 64 years,Experienced difficulties getting non-urgent primary health care in the past 12 months,11.2.3.10.4,42.9
v1792550171,British Columbia,2021A000259,Men+,45 to 64 years,Consulted a medical specialist for an initial consultation in the past 12 months,11.2.3.11.4,32.7
v1792550178,British Columbia,2021A000259,Men+,45 to 64 years,Experienced difficulties getting specialist care in the past 12 months,11.2.3.12.4,35.8
v1792550185,British Columbia,2021A000259,Men+,45 to 64 years,Level of coordination between health care providers in the past 12 months - Very good or excellent,11.2.3.13.4,45.1
v1792550192,British Columbia,2021A000259,Men+,45 to 64 years,Level of coordination between health care providers in the past 12 months - Fair or poor,11.2.3.14.4,19.8
v1792550199,British Columbia,2021A000259,Men+,45 to 64 years,Experienced discrimination in a health care setting in the past 12 months,11.2.3.15.4,5.5
v1792550206,British Columbia,2021A000259,Men+,45 to 64 years,Had unmet health care needs in the past 12 months,11.2.3.16.4,23.3
v1792550213,British Columbia,2021A000259,Men+,45 to 64 years,"Delayed or did not fill a prescription, or reduced or skipped doses of medication because of the cost in the past 12 months",11.2.3.17.4,10.8
v1792550220,British Columbia,2021A000259,Men+,45 to 64 years,Has insurance that covers all or part of the cost of prescription medications,11.2.3.18.4,75.1
v1792550227,British Columbia,2021A000259,Men+,65 years and over,Has at least one chronic condition,11.2.4.1.4,79.2
v1792550234,British Columbia,2021A000259,Men+,65 years and over,Perceived health - Very good or excellent,11.2.4.2.4,38.2
v1792550241,British Columbia,2021A000259,Men+,65 years and over,Perceived health - Fair or poor,11.2.4.3.4,27.8
v1792550248,British Columbia,2021A000259,Men+,65 years and over,Perceived mental health - Very good or excellent,11.2.4.4.4,60.2
v1792550255,British Columbia,2021A000259,Men+,65 years and over,Perceived mental health - Fair or poor,11.2.4.5.4,12.3
v1792550262,British Columbia,2021A000259,Men+,65 years and over,Has a regular health care provider,11.2.4.6.4,89.5
v1792550269,British Columbia,2021A000259,Men+,65 years and over,Consulted a health care provider for a non-urgent primary health care need in the past 12 months,11.2.4.7.4,85.4
v1792550276,British Columbia,2021A000259,Men+,65 years and over,Quality of consultation in the past 12 months - Very good or excellent,11.2.4.8.4,79.7
v1792550283,British Columbia,2021A000259,Men+,65 years and over,Quality of consultation in the past 12 months - Fair or poor,11.2.4.9.4,4.9
v1792550290,British Columbia,2021A000259,Men+,65 years and over,Experienced difficulties getting non-urgent primary health care in the past 12 months,11.2.4.10.4,27.1
v1792550297,British Columbia,2021A000259,Men+,65 years and over,Consulted a medical specialist for an initial consultation in the past 12 months,11.2.4.11.4,40.4
v1792550304,British Columbia,2021A000259,Men+,65 years and over,Experienced difficulties getting specialist care in the past 12 months,11.2.4.12.4,26.3
v1792550311,British Columbia,2021A000259,Men+,65 years and over,Level of coordination between health care providers in the past 12 months - Very good or excellent,11.2.4.13.4,67.4
v1792550318,British Columbia,2021A000259,Men+,65 years and over,Level of coordination between health care providers in the past 12 months - Fair or poor,11.2.4.14.4,12.8
v1792550325,British Columbia,2021A000259,Men+,65 years and over,Experienced discrimination in a health care setting in the past 12 months,11.2.4.15.4,3.3
v1792550332,British Columbia,2021A000259,Men+,65 years and over,Had unmet health care needs in the past 12 months,11.2.4.16.4,13.4
v1792550339,British Columbia,2021A000259,Men+,65 years and over,"Delayed or did not fill a prescription, or reduced or skipped doses of medication because of the cost in the past 12 months",11.2.4.17.4,8.4
v1792550346,British Columbia,2021A000259,Men+,65 years and over,Has insurance that covers all or part of the cost of prescription medications,11.2.4.18.4,59.3
v1792550353,British Columbia,2021A000259,Women+,"Total, 18 years and over",Has at least one chronic condition,11.3.1.1.4,51.6
v1792550360,British Columbia,2021A000259,Women+,"Total, 18 years and over",Perceived health - Very good or excellent,11.3.1.2.4,52.1
v1792550367,British Columbia,2021A000259,Women+,"Total, 18 years and over",Perceived health - Fair or poor,11.3.1.3.4,15.2
v1792550374,British Columbia,2021A000259,Women+,"Total, 18 years and over",Perceived mental health - Very good or excellent,11.3.1.4.4,49.5
v1792550381,British Columbia,2021A000259,Women+,"Total, 18 years and over",Perceived mental health - Fair or poor,11.3.1.5.4,17.8
v1792550388,British Columbia,2021A000259,Women+,"Total, 18 years and over",Has a regular health care provider,11.3.1.6.4,82.9
v1792550395,British Columbia,2021A000259,Women+,"Total, 18 years and over",Consulted a health care provider for a non-urgent primary health care need in the past 12 months,11.3.1.7.4,83.4
v1792550402,British Columbia,2021A000259,Women+,"Total, 18 years and over",Quality of consultation in the past 12 months - Very good or excellent,11.3.1.8.4,66.3
v1792550409,British Columbia,2021A000259,Women+,"Total, 18 years and over",Quality of consultation in the past 12 months - Fair or poor,11.3.1.9.4,12.6
v1792550416,British Columbia,2021A000259,Women+,"Total, 18 years and over",Experienced difficulties getting non-urgent primary health care in the past 12 months,11.3.1.10.4,49.3
v1792550423,British Columbia,2021A000259,Women+,"Total, 18 years and over",Consulted a medical specialist for an initial consultation in the past 12 months,11.3.1.11.4,34.8
v1792550430,British Columbia,2021A000259,Women+,"Total, 18 years and over",Experienced difficulties getting specialist care in the past 12 months,11.3.1.12.4,38.0
v1792550437,British Columbia,2021A000259,Women+,"Total, 18 years and over",Level of coordination between health care providers in the past 12 months - Very good or excellent,11.3.1.13.4,47.9
v1792550444,British Columbia,2021A000259,Women+,"Total, 18 years and over",Level of coordination between health care providers in the past 12 months - Fair or poor,11.3.1.14.4,24.1
v1792550451,British Columbia,2021A000259,Women+,"Total, 18 years and over",Experienced discrimination in a health care setting in the past 12 months,11.3.1.15.4,10.3
v1792550458,British Columbia,2021A000259,Women+,"Total, 18 years and over",Had unmet health care needs in the past 12 months,11.3.1.16.4,28.2
v1792550465,British Columbia,2021A000259,Women+,"Total, 18 years and over","Delayed or did not fill a prescription, or reduced or skipped doses of medication because of the cost in the past 12 months",11.3.1.17.4,15.7
v1792550472,British Columbia,2021A000259,Women+,"Total, 18 years and over",Has insurance that covers all or part of the cost of prescription medications,11.3.1.18.4,75.1
v1792550479,British Columbia,2021A000259,Women+,18 to 44 years,Has at least one chronic condition,11.3.2.1.4,37.9
v1792550486,British Columbia,2021A000259,Women+,18 to 44 years,Perceived health - Very good or excellent,11.3.2.2.4,60.0
v1792550493,British Columbia,2021A000259,Women+,18 to 44 years,Perceived health - Fair or poor,11.3.2.3.4,10.7
v1792550500,British Columbia,2021A000259,Women+,18 to 44 years,Perceived mental health - Very good or excellent,11.3.2.4.4,43.5
v1792550507,British Columbia,2021A000259,Women+,18 to 44 years,Perceived mental health - Fair or poor,11.3.2.5.4,22.6
v1792550514,British Columbia,2021A000259,Women+,18 to 44 years,Has a regular health care provider,11.3.2.6.4,76.8
v1792550521,British Columbia,2021A000259,Women+,18 to 44 years,Consulted a health care provider for a non-urgent primary health care need in the past 12 months,11.3.2.7.4,81.4
v1792550528,British Columbia,2021A000259,Women+,18 to 44 years,Quality of consultation in the past 12 months - Very good or excellent,11.3.2.8.4,63.5
v1792550535,British Columbia,2021A000259,Women+,18 to 44 years,Quality of consultation in the past 12 months - Fair or poor,11.3.2.9.4,16.0
v1792550542,British Columbia,2021A000259,Women+,18 to 44 years,Experienced difficulties getting non-urgent primary health care in the past 12 months,11.3.2.10.4,57.0
v1792550549,British Columbia,2021A000259,Women+,18 to 44 years,Consulted a medical specialist for an initial consultation in the past 12 months,11.3.2.11.4,33.7
v1792550556,British Columbia,2021A000259,Women+,18 to 44 years,Experienced difficulties getting specialist care in the past 12 months,11.3.2.12.4,42.2
v1792550563,British Columbia,2021A000259,Women+,18 to 44 years,Level of coordination between health care providers in the past 12 months - Very good or excellent,11.3.2.13.4,34.3
v1792550570,British Columbia,2021A000259,Women+,18 to 44 years,Level of coordination between health care providers in the past 12 months - Fair or poor,11.3.2.14.4,36.9
v1792550577,British Columbia,2021A000259,Women+,18 to 44 years,Experienced discrimination in a health care setting in the past 12 months,11.3.2.15.4,13.8
v1792550584,British Columbia,2021A000259,Women+,18 to 44 years,Had unmet health care needs in the past 12 months,11.3.2.16.4,34.5
v1792550591,British Columbia,2021A000259,Women+,18 to 44 years,"Delayed or did not fill a prescription, or reduced or skipped doses of medication because of the cost in the past 12 months",11.3.2.17.4,20.3
v1792550598,British Columbia,2021A000259,Women+,18 to 44 years,Has insurance that covers all or part of the cost of prescription medications,11.3.2.18.4,81.7
v1792550605,British Columbia,2021A000259,Women+,45 to 64 years,Has at least one chronic condition,11.3.3.1.4,51.4
v1792550612,British Columbia,2021A000259,Women+,45 to 64 years,Perceived health - Very good or excellent,11.3.3.2.4,51.2
v1792550619,British Columbia,2021A000259,Women+,45 to 64 years,Perceived health - Fair or poor,11.3.3.3.4,17.0
v1792550626,British Columbia,2021A000259,Women+,45 to 64 years,Perceived mental health - Very good or excellent,11.3.3.4.4,53.0
v1792550633,British Columbia,2021A000259,Women+,45 to 64 years,Perceived mental health - Fair or poor,11.3.3.5.4,16.4
v1792550640,British Columbia,2021A000259,Women+,45 to 64 years,Has a regular health care provider,11.3.3.6.4,85.1
v1792550647,British Columbia,2021A000259,Women+,45 to 64 years,Consulted a health care provider for a non-urgent primary health care need in the past 12 months,11.3.3.7.4,81.8
v1792550654,British Columbia,2021A000259,Women+,45 to 64 years,Quality of consultation in the past 12 months - Very good or excellent,11.3.3.8.4,66.4
v1792550661,British Columbia,2021A000259,Women+,45 to 64 years,Quality of consultation in the past 12 months - Fair or poor,11.3.3.9.4,11.0
v1792550668,British Columbia,2021A000259,Women+,45 to 64 years,Experienced difficulties getting non-urgent primary health care in the past 12 months,11.3.3.10.4,47.6
v1792550675,British Columbia,2021A000259,Women+,45 to 64 years,Consulted a medical specialist for an initial consultation in the past 12 months,11.3.3.11.4,32.0
v1792550682,British Columbia,2021A000259,Women+,45 to 64 years,Experienced difficulties getting specialist care in the past 12 months,11.3.3.12.4,36.5
v1792550689,British Columbia,2021A000259,Women+,45 to 64 years,Level of coordination between health care providers in the past 12 months - Very good or excellent,11.3.3.13.4,53.8
v1792550696,British Columbia,2021A000259,Women+,45 to 64 years,Level of coordination between health care providers in the past 12 months - Fair or poor,11.3.3.14.4,17.8
v1792550703,British Columbia,2021A000259,Women+,45 to 64 years,Experienced discrimination in a health care setting in the past 12 months,11.3.3.15.4,8.6
v1792550710,British Columbia,2021A000259,Women+,45 to 64 years,Had unmet health care needs in the past 12 months,11.3.3.16.4,26.4
v1792550717,British Columbia,2021A000259,Women+,45 to 64 years,"Delayed or did not fill a prescription, or reduced or skipped doses of medication because of the cost in the past 12 months",11.3.3.17.4,15.4
v1792550724,British Columbia,2021A000259,Women+,45 to 64 years,Has insurance that covers all or part of the cost of prescription medications,11.3.3.18.4,75.0
v1792550731,British Columbia,2021A000259,Women+,65 years and over,Has at least one chronic condition,11.3.4.1.4,77.2
v1792550738,British Columbia,2021A000259,Women+,65 years and over,Perceived health - Very good or excellent,11.3.4.2.4,38.5
v1792550745,British Columbia,2021A000259,Women+,65 years and over,Perceived health - Fair or poor,11.3.4.3.4,21.5
v1792550752,British Columbia,2021A000259,Women+,65 years and over,Perceived mental health - Very good or excellent,11.3.4.4.4,56.5
v1792550759,British Columbia,2021A000259,Women+,65 years and over,Perceived mental health - Fair or poor,11.3.4.5.4,10.5
v1792550766,British Columbia,2021A000259,Women+,65 years and over,Has a regular health care provider,11.3.4.6.4,91.5
v1792550773,British Columbia,2021A000259,Women+,65 years and over,Consulted a health care provider for a non-urgent primary health care need in the past 12 months,11.3.4.7.4,89.3
v1792550780,British Columbia,2021A000259,Women+,65 years and over,Quality of consultation in the past 12 months - Very good or excellent,11.3.4.8.4,71.1
v1792550787,British Columbia,2021A000259,Women+,65 years and over,Quality of consultation in the past 12 months - Fair or poor,11.3.4.9.4,8.7
v1792550794,British Columbia,2021A000259,Women+,65 years and over,Experienced difficulties getting non-urgent primary health care in the past 12 months,11.3.4.10.4,36.7
v1792550801,British Columbia,2021A000259,Women+,65 years and over,Consulted a medical specialist for an initial consultation in the past 12 months,11.3.4.11.4,40.6
v1792550808,British Columbia,2021A000259,Women+,65 years and over,Experienced difficulties getting specialist care in the past 12 months,11.3.4.12.4,31.7
v1792550815,British Columbia,2021A000259,Women+,65 years and over,Level of coordination between health care providers in the past 12 months - Very good or excellent,11.3.4.13.4,59.0
v1792550822,British Columbia,2021A000259,Women+,65 years and over,Level of coordination between health care providers in the past 12 months - Fair or poor,11.3.4.14.4,14.5
v1792550829,British Columbia,2021A000259,Women+,65 years and over,Experienced discrimination in a health care setting in the past 12 months,11.3.4.15.4,5.9
v1792550836,British Columbia,2021A000259,Women+,65 years and over,Had unmet health care needs in the past 12 months,11.3.4.16.4,18.4
v1792550843,British Columbia,2021A000259,Women+,65 years and over,"Delayed or did not fill a prescription, or reduced or skipped doses of medication because of the cost in the past 12 months",11.3.4.17.4,9.3
v1792550850,British Columbia,2021A000259,Women+,65 years and over,Has insurance that covers all or part of the cost of prescription medications,11.3.4.18.4,63.3
